track_id,album_id,artist_id,track,artist,album_name,played_at
73RVbX3YhvDYTSyrzKguSi,2U4JHXMiBxsKH4dnYEQg2g,7AC976RDJzL2asmZuz7qil,Parallels - 2003 Remaster,Yes,Going for the One (Deluxe Edition),2026-05-01T21:58:27
2cTfzU2iNMI9aZSPOL3mYx,6ELt0QaMOwPGPzfdEXE839,7M1FPw29m5FbicYzS2xdpi,Larks' Tongues In Aspic (Part I),King Crimson,Larks' Tongues In Aspic (Expanded & Remastered Original Album Mix),2026-05-01T21:50:30
43IYZ1zQpbXXWhGQEgjAjb,7isYifHXAT7wbuxbJziBG3,2LIdnZDzySb04oH40be1fR,Who Knows Where The Time Goes?,Fairport Convention,Unhalfbricking,2026-05-01T21:32:42
5qmlexKxaI31MvFhObUCZm,68W3ppXWhsOLOURmxzRkyA,7M1FPw29m5FbicYzS2xdpi,The Devils Triangle,King Crimson,In The Wake Of Poseidon,2026-05-01T21:27:27
6yhGgwT0IxUt5yG19GDKn0,4tPuH2J8xL4JU91QFTWDUJ,0sihhSAp2JQBQ2oqapkVxV,In Principio,Logos,L'enigma Della Vita,2026-05-01T21:12:15
4UhB17vQsTP0qM9grc4ZUi,6wDCNTOXnKI8E4WrsdeJH9,1CD77o9fbdyQFrHnUPUEsF,Empty Pages - Remastered 2010,Traffic,John Barleycorn Must Die Deluxe Edition,2026-05-01T21:09:30
4SoykGLnLQPgQUkrKQxNYq,5UI2X5VAmgu9xrlXDd5U7B,1PCZpxHJz7WAMF8EEq8bfc,Change Is Now - Single Version,The Byrds,The Notorious Byrd Brothers,2026-05-01T21:05:01
1rw12PalmC8IDoygHT3fm1,1VHLlFuKZYLVhnLanVzJxF,0nCiidE5GgDrc5kWN3NZgZ,From the Beginning,"Emerson, Lake & Palmer",Trilogy,2026-05-01T20:55:01
4ZCK0R2BRtXxHH8Fb1vq2n,2WO6VIu5x3rMXWcMzH36jl,3Uz6jx81OY2J5K8Z4wmy2P,Never Let Go - Single Version / Remastered 2023,Camel,Camel (Expanded Edition),2026-05-01T20:48:30
4NAP1NmknfmMkKuDi4fhxI,1uXol4dKqzMsUiqvHpwhZh,7AC976RDJzL2asmZuz7qil,Siberian Khatru - 2025 Remaster,Yes,Close to the Edge (Super Deluxe Edition),2026-05-01T19:13:32
0RymZK3n4wILiqOfQzzMsS,2fwr3utdlIdPX9cMjZ1QYW,1MD5pgVzlusqGyuSTcTxvu,Impressioni di Settembre,Premiata Forneria Marconi,Celebration 1972-2012,2026-05-01T18:41:46
2ln1kC2KAxzr8d6pRkxWbq,093JGCJ5YMNGFnmsvR9WHt,7AC976RDJzL2asmZuz7qil,I Get Up I Get Down - Remix,Yes,The Steven Wilson Remixes,2026-05-01T18:36:16
092Do4luuSxuhhdCAlH0vo,093JGCJ5YMNGFnmsvR9WHt,7AC976RDJzL2asmZuz7qil,Total Mass Retain - Remix,Yes,The Steven Wilson Remixes,2026-05-01T17:54:38
5z0a7b6MXxCa2TAFrfCKNW,093JGCJ5YMNGFnmsvR9WHt,7AC976RDJzL2asmZuz7qil,The Solid Time of Change - Remix,Yes,The Steven Wilson Remixes,2026-05-01T17:52:09
6mAQOxxt839lfifqME35Pe,1dbVSQR5jcw5rdngMyA3d8,7M1FPw29m5FbicYzS2xdpi,Discipline,King Crimson,The Condensed 21st Century Guide To King Crimson (1969 - 2003),2026-05-01T17:33:52
0pVx93u0NdATyRJcqkKaqP,5mhHyVk0zf9jvqvx9w77c5,4lianjyuR1tqf6oUX8kjrZ,Il Ballo Del Potere,Franco Battiato,Gommalacca,2026-05-01T11:37:25
50eMzYSsS35VhHAerXt2Wu,6vUUBFECAo0oLUWfjqmXtZ,1MD5pgVzlusqGyuSTcTxvu,Il Banchetto - Live In Japan 2002,Premiata Forneria Marconi,Live In Japan 2002,2026-05-01T10:37:02
6rbLGESJIt0IdCWcrXtrFK,1Apj3GZ0D7l94CFA5qInjr,4RuYtHjAKBufQRqBUMiOfK,L'Evoluzione,Banco Del Mutuo Soccorso,Darwin (1991 Edition),2026-05-01T10:37:02
2rWEbA4iZyJ0jMthYmKkSs,1WeTsUeoyJBDYiqdoCtO8I,4RuYtHjAKBufQRqBUMiOfK,Fino Alla Mia Porta,Banco Del Mutuo Soccorso,Come in un'ultima cena,2026-05-01T10:37:02
176RyR4Ac2kU0bEI4uycWs,0V7yj1nGYDsBjlMrsI5w5C,4RuYtHjAKBufQRqBUMiOfK,Traccia II,Banco Del Mutuo Soccorso,Io Sono Nato Libero,2026-05-01T10:37:02
3UidBOm9Cl9N7tfLAtHHpo,1Apj3GZ0D7l94CFA5qInjr,4RuYtHjAKBufQRqBUMiOfK,La Conquista Della Posizione Eretta,Banco Del Mutuo Soccorso,Darwin (1991 Edition),2026-05-01T10:37:02
5TjLHZ8tPECmCgR2LvlFWd,6JHd5ZgLC06c0Id5e2Vbz3,1MD5pgVzlusqGyuSTcTxvu,La grande Pasqua russa,Premiata Forneria Marconi,PFM in Classic - Da Mozart a Celebration,2026-05-01T10:37:02
6wNZa5e5DVBwMbqB4uYuXp,0Ft1jEOyGY74ZgHb1FYO4U,4RuYtHjAKBufQRqBUMiOfK,750.000 anni fa... l'amore?,Banco Del Mutuo Soccorso,Darwin!,2026-05-01T10:37:02
7l2Gh3fSaknNtzOxFuadeC,3gISC18IyM5W4fd3bVz9hk,1MD5pgVzlusqGyuSTcTxvu,Nuvole Nere,Premiata Forneria Marconi,Serendipity,2026-05-01T10:37:01
3yllEGh0om4VrFThDlFXXY,7cLNFRklt2EupipdILxJc7,7nQZVqkaUxa3A62UJSisSB,Il giro del cappio,La coscienza di Zeno,La notte anche di giorno,2026-05-01T10:37:01
2sG6kG8mEDaiv7AN0TJ310,0b33cACjsSPVBchGgsFGMu,4lianjyuR1tqf6oUX8kjrZ,Apparenza e realtà,Franco Battiato,Universi paralleli di Franco Battiato,2026-05-01T10:37:01
0dkkRsEy6Td8ocFG1ACLsT,0V7yj1nGYDsBjlMrsI5w5C,4RuYtHjAKBufQRqBUMiOfK,Non mi rompete,Banco Del Mutuo Soccorso,Io Sono Nato Libero,2026-05-01T07:03:36
5sR0z233pgvP2D7w39qCZe,7m6StTtrbnkaC6FkDVNnTe,2CqEOngQOOMstJupNn6Hmf,Drive (Grundfunken),NEU!,NEU!,2026-05-02T19:28:28
4RMMYBTQ35CCRNx4nlAANq,7m6StTtrbnkaC6FkDVNnTe,2CqEOngQOOMstJupNn6Hmf,Crazy,NEU!,NEU!,2026-05-02T19:23:01
3776wlNwK1mLH4ycuBNuWn,7m6StTtrbnkaC6FkDVNnTe,2CqEOngQOOMstJupNn6Hmf,Dänzing,NEU!,NEU!,2026-05-02T19:19:37
2BqHy0cZJnERHLaDpX2jdy,7m6StTtrbnkaC6FkDVNnTe,2CqEOngQOOMstJupNn6Hmf,Intro,NEU!,NEU!,2026-05-02T19:16:53
6eUnY12Nd9TVWlbBnFQRCw,6wI2sLcBmYzYQd9LFfkbhy,2CqEOngQOOMstJupNn6Hmf,Hallogallo,NEU!,NEU!,2026-05-02T19:16:34
0Rumj64tAP1jhImDkzple6,3oUXNITVgUpdN2cUwH3hmS,0ifzzRKdmtgaHy9cfnnyCR,Focus II,Focus,Moving Waves,2026-05-02T19:06:35
3FNgaN6nlCk8o3viucsVIL,0BOPrAV0Lk52MXS2d52uOO,0ifzzRKdmtgaHy9cfnnyCR,Janis - Remastered,Focus,Moving Waves (2020 Remastered Edition),2026-05-02T19:02:04
1d6WoMWzq2YTfGxUP94Rgy,6vUUBFECAo0oLUWfjqmXtZ,1MD5pgVzlusqGyuSTcTxvu,Bandiera Bianca,Premiata Forneria Marconi,Live In Japan 2002,2026-05-02T18:59:04
0lUBWPZWiGQEKNzayTCpxT,4RD4REp6RE2kVZ96Uf1TgB,4lianjyuR1tqf6oUX8kjrZ,Sequenze E Frequenze - Live 1988 / Remastered 2020,Franco Battiato,Giubbe Rosse (Deluxe 30th Anniversary Live & Remastered Edition / Remastered 2020),2026-05-02T18:53:03
5FvRkKujcquFV4wma9QAfj,20dTbQRkxuOTkf3SFyaT2m,7M1FPw29m5FbicYzS2xdpi,Indiscipline,King Crimson,Discipline,2026-05-02T18:45:34
2gK9dAy6TgeOYvdlspWbdU,0HoF3Ir1IYbIkvrxXrLGOB,7AC976RDJzL2asmZuz7qil,Into the Lens,Yes,Drama (Deluxe Edition),2026-05-02T18:40:37
0TMKja08JBRFwkdpl9IpI3,1n6mujGDmusUYHfuFtZZvJ,02frazNrWgZCxUEf4UTfHt,Killer - Remastered 2021,Van Der Graaf Generator,"H To He, Who Am The Only One (Deluxe)",2026-05-02T18:13:59
46dxvP1IF5TdcKG42GkDF4,4ttC4XUinZXn3GMIQNrjFZ,7M1FPw29m5FbicYzS2xdpi,The Night Watch,King Crimson,Starless And Bible Black,2026-05-02T18:05:28
1JrNAxiq1o57wxuI9aX6KJ,1meW8yyx76RPZebO32VwrB,6w6z8m4WXX7Tub4Rb6Lu7R,Teacher - Single Mix; 2001 Remaster,Jethro Tull,Benefit,2026-05-02T18:00:02
0KvGvUJAPTHtiyCtEnfXCm,6KUBy7zjq9mkKRR7CJSGBM,7K2LDhsZ8A4LKlLPPpcKFS,Nymphenburger,East Of Eden,Snafu,2026-05-02T17:33:15
5TQ2pztJIwLEPrzuSIsBmF,2zYEcirgirihBtUr9ninD6,1SQRv42e4PjEYfPhS0Tk9E,Animal Farm - 2018 Stereo Remaster,The Kinks,The Kinks Are the Village Green Preservation Society,2026-05-02T17:26:45
4JvjCMPpXVldRhM0mxheub,6DMU0YvLjgcpHddObNP8A6,7AC976RDJzL2asmZuz7qil,Don't Kill the Whale,Yes,Tormato (Deluxe Edition),2026-05-02T17:23:45
7oITpghqeYM0RfRK17efLY,7F6dgfm0QnJvDAXux6spJq,1MD5pgVzlusqGyuSTcTxvu,Cyber Alpha,Premiata Forneria Marconi,Stati Di Immaginazione,2026-05-02T17:19:45
5cpKDL7ArW8F2JtUk0wuQM,4YsXD5Zmj8wjmPzPzUEDZh,1iTlOqIrZy8DlvCPJY2sjS,The Vanilla Queen,Golden Earring,Moontan,2026-05-02T17:11:47
2A3WfAbX9KHMQhewdpUiok,3OQX2EwYNN3FVKuUVLkVOL,5hlBb5u8K5D8yrL8jwZ7N9,Tu frialdad,Triana,Un Encuentro,2026-05-02T16:23:21
7HDv9WfmLNinEJx8iZIE1m,659kn6tY6zC9jy56kzIW51,1CD77o9fbdyQFrHnUPUEsF,Dream Gerrard,Traffic,When The Eagle Flies,2026-05-02T15:56:13
6K3q2FCBIIKcoKkmT6M6NL,3tYOO1SUShFTDag2iNbzlu,0ifzzRKdmtgaHy9cfnnyCR,Eruption - Live,Focus,vol huis (Live),2026-05-02T15:45:13
4CRWWNAnZVmzyghvlFIGQm,0BD0bKRAFt8Z5q2NqCTPsN,3Uz6jx81OY2J5K8Z4wmy2P,Rhayader Goes To Town - Remastered 2023,Camel,The Snow Goose (2023 Remastered & Expanded Edition),2026-05-02T15:35:13
7m6T2wUj2CWjKkMbv42ZEo,2bG4ZJ2X6pUwOqPgk7Mgrg,1SQRv42e4PjEYfPhS0Tk9E,Shangri-La (2019 Remaster),The Kinks,Arthur or the Decline and Fall of the British Empire (Deluxe),2026-05-02T15:30:13
47sJPdCkjVfLJWBFhwJiuE,20dTbQRkxuOTkf3SFyaT2m,7M1FPw29m5FbicYzS2xdpi,The Sheltering Sky,King Crimson,Discipline,2026-05-02T15:24:43
3RpQJrHPISBYkIYaoL4leS,4ttC4XUinZXn3GMIQNrjFZ,7M1FPw29m5FbicYzS2xdpi,Lament,King Crimson,Starless And Bible Black,2026-05-02T15:16:13
5LP10C87Y5YnToBtwsxojk,7bJytEOVzTT0TIYfL18hU9,5A0MH7JfEBEMySevsmauds,Moon In June,Soft Machine,Third,2026-05-02T15:12:13
1650LUcd7pCPN6oLjUs3s7,2vqzKJO8HeMffaSHxg74ln,1BGN1IdyiSR0ZYrkoKNchl,Ricochet (Part One) - Live From Europe/1975 / 1995 Digital Remaster,Tangerine Dream,The Virgin Years: 1974-1978,2026-05-02T14:53:14
0GRBFjza23Im7Xb16c9AaK,0GqpoHJREPp0iuXK3HzrHk,36QJpDe2go2KgaRleHCDTp,No Quarter - Remaster,Led Zeppelin,Houses of the Holy (Remaster),2026-05-02T13:24:26
2sG6kG8mEDaiv7AN0TJ310,0b33cACjsSPVBchGgsFGMu,4lianjyuR1tqf6oUX8kjrZ,Apparenza e realtà,Franco Battiato,Universi paralleli di Franco Battiato,2026-05-02T12:40:23
702IsRAE5re0e7eBwf0LXl,1NeJ0QqKv002iYDiOCaUOA,1MD5pgVzlusqGyuSTcTxvu,Geranio,Premiata Forneria Marconi,Per Un Amico,2026-05-02T12:36:23
54VkF8s3BevKAX0JSwuf0O,30OBaYcCeQ71rdVWSpbTgC,7B9i94mmRUGH35kAyuUEDD,Starship Trooper/ Wurm,"Anderson, Squire, Howe",Tales Of Future And Past,2026-05-02T12:27:53
1qkp9OvCk8FjeDdEd2bKQ6,7M2EhhKnJYcmluPNzmB35N,4P70aqttdpJ9vuYFDmf7f6,Alpha,Vangelis,Albedo 0.39,2026-05-02T12:15:23
6yhGgwT0IxUt5yG19GDKn0,4tPuH2J8xL4JU91QFTWDUJ,0sihhSAp2JQBQ2oqapkVxV,In Principio,Logos,L'enigma Della Vita,2026-05-02T12:09:04
6aJpPH5jhRicPvPkoHkcuF,4Q7cPyiP8cMIlUEHAqeYfd,36QJpDe2go2KgaRleHCDTp,In the Light - Remaster,Led Zeppelin,Physical Graffiti (Remaster),2026-05-02T12:00:20
7nmtVN5HhcdBPfi3oA3437,6C22QvOc4ombgUjY1M1ASN,55wOEGTc3QKwBJ9gntcOxT,Light Flight,Pentangle,Basket of Light,2026-05-02T11:55:42
5CGpPUcUahMuLzkNK9ZgPP,0tAMTTxU0e84QFhrNhQNIT,1CD77o9fbdyQFrHnUPUEsF,Dear Mr. Fantasy,Traffic,Mr. Fantasy,2026-05-02T11:47:47
6nl0oUn7TlqoUc59BOG0XS,1dbVSQR5jcw5rdngMyA3d8,7M1FPw29m5FbicYzS2xdpi,Neurotica,King Crimson,The Condensed 21st Century Guide To King Crimson (1969 - 2003),2026-05-02T11:42:16
6vXIkR2kEsGFPm82hWweNI,1OBtRar4d9lrRTVOdrPOMI,3UtSTTCQ0EMUQxmsfZ3Px1,Back Street Luv,Curved Air,Second Album,2026-05-02T11:37:16
6PnG9i1lpihdIBHHFg0M6Y,6RjHOFz283XfJ7o7RwqaIT,5U16QlMnlSAhkQxBZpLyLO,Mr Evasion,The Pretty Things,S.F. Sorrow,2026-05-02T11:33:46
0VLETiR8ft4wZHlCQf3UAf,2DZEwt8Lhz6PuqxsJWF7Ap,3Uz6jx81OY2J5K8Z4wmy2P,Freefall,Camel,Mirage,2026-05-02T11:30:16
26oHuX40kl6CbJOE2fYzp2,5KlxVQrxfXom4ttbE6trkc,3UtSTTCQ0EMUQxmsfZ3Px1,Vivaldi,Curved Air,Air Conditioning,2026-05-02T11:24:16
75gb1H0F5IumlnwhjnB08B,2JyNDhGhp0hiizSPuUs0i9,67ea9eGLXYMsO2eYQRui3w,Rael - Pt.1 & Pt.2,The Who,The Who Sell Out (Super Deluxe),2026-05-02T11:16:47
3aPHB4pU4fPbPqcoSng1K0,4RD4REp6RE2kVZ96Uf1TgB,4lianjyuR1tqf6oUX8kjrZ,No U Turn - Live 1988 / Remastered 2020,Franco Battiato,Giubbe Rosse (Deluxe 30th Anniversary Live & Remastered Edition / Remastered 2020),2026-05-02T11:01:38
7l2Gh3fSaknNtzOxFuadeC,3gISC18IyM5W4fd3bVz9hk,1MD5pgVzlusqGyuSTcTxvu,Nuvole Nere,Premiata Forneria Marconi,Serendipity,2026-05-02T10:57:08
4796ITs2bZ9Mys2nnG37qf,0b33cACjsSPVBchGgsFGMu,4lianjyuR1tqf6oUX8kjrZ,Ermeneutica,Franco Battiato,Universi paralleli di Franco Battiato,2026-05-02T10:53:09
4PCwwYtVKob3Xhe4mQ6TFl,6NiJ8vCXUZoeqUIyhUDNZX,45Utoxop3UFq0Qg9YFLhx0,La Porta Chiusa,Le Orme,Uomo Di Pezza,2026-05-02T10:49:38
4NAP1NmknfmMkKuDi4fhxI,1uXol4dKqzMsUiqvHpwhZh,7AC976RDJzL2asmZuz7qil,Siberian Khatru - 2025 Remaster,Yes,Close to the Edge (Super Deluxe Edition),2026-05-02T10:42:08
7g0XgioAO3q8iBUQNoEAye,0aeV2p7ZUhm9Q2PJAizF7a,70tMW5bZT3TJUa1CWtfVkq,San Franciscan Nights,Eric Burdon & the Animals,Winds Of Change,2026-05-02T10:33:32
4K3cElW740S6w5wbjBjRbt,59eHxfqvwJyXhJGGtORaHv,4lianjyuR1tqf6oUX8kjrZ,Up Patriots To Arms - Remastered 2008,Franco Battiato,Patriots (2008 Remastered Edition),2026-05-02T10:29:39
2N5cnwXiT5AYNPsKW1BOXC,7m6StTtrbnkaC6FkDVNnTe,2CqEOngQOOMstJupNn6Hmf,Euphoria,NEU!,NEU!,2026-05-03T15:44:50
4efrN6ImDeUjgtebkmLMba,7m6StTtrbnkaC6FkDVNnTe,2CqEOngQOOMstJupNn6Hmf,Paradise Walk,NEU!,NEU!,2026-05-03T15:40:50
6mRr2nzDX9kgTuGWgMn8P2,7m6StTtrbnkaC6FkDVNnTe,2CqEOngQOOMstJupNn6Hmf,Wave Mother,NEU!,NEU!,2026-05-03T15:35:51
2Bsp8gAjwlGmYhRueRGLHu,7m6StTtrbnkaC6FkDVNnTe,2CqEOngQOOMstJupNn6Hmf,Elanoizan,NEU!,NEU!,2026-05-03T15:30:50
1qkp9OvCk8FjeDdEd2bKQ6,7M2EhhKnJYcmluPNzmB35N,4P70aqttdpJ9vuYFDmf7f6,Alpha,Vangelis,Albedo 0.39,2026-05-03T14:32:39
0lUBWPZWiGQEKNzayTCpxT,4RD4REp6RE2kVZ96Uf1TgB,4lianjyuR1tqf6oUX8kjrZ,Sequenze E Frequenze - Live 1988 / Remastered 2020,Franco Battiato,Giubbe Rosse (Deluxe 30th Anniversary Live & Remastered Edition / Remastered 2020),2026-05-03T10:35:26
6eUnY12Nd9TVWlbBnFQRCw,6wI2sLcBmYzYQd9LFfkbhy,2CqEOngQOOMstJupNn6Hmf,Hallogallo,NEU!,NEU!,2026-05-03T10:35:26
62Fwn4Ym39BlytL3KNBMAI,2W0juo4ye4hI0mXRqtZldr,4lianjyuR1tqf6oUX8kjrZ,The Age Of Ermafrodites,Franco Battiato,Campi Magnetici - I Numeri Non Si Possono Amare,2026-05-03T10:35:25
7JYDQK92DhsXpynZ2kkXfs,36EzzM52hSYnWYwsdrWPGG,6o2PxnpsrQ352kwYlEwjvR,La Mela Di Odessa,Area,Crac!,2026-05-03T10:35:25
2gK9dAy6TgeOYvdlspWbdU,0HoF3Ir1IYbIkvrxXrLGOB,7AC976RDJzL2asmZuz7qil,Into the Lens,Yes,Drama (Deluxe Edition),2026-05-03T10:35:25
6rbLGESJIt0IdCWcrXtrFK,1Apj3GZ0D7l94CFA5qInjr,4RuYtHjAKBufQRqBUMiOfK,L'Evoluzione,Banco Del Mutuo Soccorso,Darwin (1991 Edition),2026-05-03T10:35:25
1C7gBAgpedexfZgGFw0XoB,7BCKqUPSw6Y3Ih5Pk7otGY,7AC976RDJzL2asmZuz7qil,Sound Chaser - Single Edit,Yes,Yessingles,2026-05-03T10:35:25
1d6WoMWzq2YTfGxUP94Rgy,6vUUBFECAo0oLUWfjqmXtZ,1MD5pgVzlusqGyuSTcTxvu,Bandiera Bianca,Premiata Forneria Marconi,Live In Japan 2002,2026-05-03T10:35:25
3fCM5oy8dWngCNyGkGnVcD,41sJTFyarp4aKHcTGjIKnU,1yTEkYjWeeo4ANkbvUTiFG,Andy Nogger,Kraan,Andy Nogger,2026-05-03T10:35:25
0YfCp9A9yqeITGsOwVyi51,7M2EhhKnJYcmluPNzmB35N,4P70aqttdpJ9vuYFDmf7f6,Main Sequence,Vangelis,Albedo 0.39,2026-05-03T08:50:31
4K3cElW740S6w5wbjBjRbt,59eHxfqvwJyXhJGGtORaHv,4lianjyuR1tqf6oUX8kjrZ,Up Patriots To Arms - Remastered 2008,Franco Battiato,Patriots (2008 Remastered Edition),2026-05-03T08:02:36
1d6WoMWzq2YTfGxUP94Rgy,6vUUBFECAo0oLUWfjqmXtZ,1MD5pgVzlusqGyuSTcTxvu,Bandiera Bianca,Premiata Forneria Marconi,Live In Japan 2002,2026-05-03T07:57:35
3pwyjVeH54ghyHkDTWUUZI,2FJaS5kootX9CkS4DxL2eW,02frazNrWgZCxUEf4UTfHt,Pilgrims - 2005 Digital Remaster,Van Der Graaf Generator,Still Life,2026-05-03T07:50:36
7oITpghqeYM0RfRK17efLY,7F6dgfm0QnJvDAXux6spJq,1MD5pgVzlusqGyuSTcTxvu,Cyber Alpha,Premiata Forneria Marconi,Stati Di Immaginazione,2026-05-03T07:43:10
3RpQJrHPISBYkIYaoL4leS,4ttC4XUinZXn3GMIQNrjFZ,7M1FPw29m5FbicYzS2xdpi,Lament,King Crimson,Starless And Bible Black,2026-05-03T06:42:09
04c3ZTgTH5ci7LuNSx7Wje,20dTbQRkxuOTkf3SFyaT2m,7M1FPw29m5FbicYzS2xdpi,Thela Hun Ginjeet,King Crimson,Discipline,2026-05-03T06:37:39
6yhGgwT0IxUt5yG19GDKn0,4tPuH2J8xL4JU91QFTWDUJ,0sihhSAp2JQBQ2oqapkVxV,In Principio,Logos,L'enigma Della Vita,2026-05-03T06:31:09
6yhGgwT0IxUt5yG19GDKn0,4tPuH2J8xL4JU91QFTWDUJ,0sihhSAp2JQBQ2oqapkVxV,In Principio,Logos,L'enigma Della Vita,2026-05-03T06:29:39
4PCwwYtVKob3Xhe4mQ6TFl,6NiJ8vCXUZoeqUIyhUDNZX,45Utoxop3UFq0Qg9YFLhx0,La Porta Chiusa,Le Orme,Uomo Di Pezza,2026-05-03T06:12:37
6mCjrBuLeqdZzvowLBQeJp,59GiU04zZYyxM3HQrunKlF,7K2LDhsZ8A4LKlLPPpcKFS,In the Stable of the Sphinx,East Of Eden,Mercator Projected,2026-05-03T06:05:07
3nhQ0t5o70uHAzEgYDedX2,1GOUMwPQw5xCizmD1Ixala,02frazNrWgZCxUEf4UTfHt,Man-Erg - Remastered 2021,Van Der Graaf Generator,Pawn Hearts (Deluxe),2026-05-03T05:56:07
0O9dtCsMTsVIo0tF8AVJQ5,3nkLkuSpD5bMzG1ibkJw5N,4RuYtHjAKBufQRqBUMiOfK,La discesa dal treno,Banco Del Mutuo Soccorso,Transiberiana (Bonus Tracks Version),2026-05-03T05:46:07
6rbLGESJIt0IdCWcrXtrFK,1Apj3GZ0D7l94CFA5qInjr,4RuYtHjAKBufQRqBUMiOfK,L'Evoluzione,Banco Del Mutuo Soccorso,Darwin (1991 Edition),2026-05-03T05:39:41
6eUnY12Nd9TVWlbBnFQRCw,6wI2sLcBmYzYQd9LFfkbhy,2CqEOngQOOMstJupNn6Hmf,Hallogallo,NEU!,NEU!,2026-05-03T05:22:37
702IsRAE5re0e7eBwf0LXl,1NeJ0QqKv002iYDiOCaUOA,1MD5pgVzlusqGyuSTcTxvu,Geranio,Premiata Forneria Marconi,Per Un Amico,2026-05-03T05:12:38
26oHuX40kl6CbJOE2fYzp2,5KlxVQrxfXom4ttbE6trkc,3UtSTTCQ0EMUQxmsfZ3Px1,Vivaldi,Curved Air,Air Conditioning,2026-05-03T00:45:57
7JYDQK92DhsXpynZ2kkXfs,36EzzM52hSYnWYwsdrWPGG,6o2PxnpsrQ352kwYlEwjvR,La Mela Di Odessa,Area,Crac!,2026-05-03T00:37:57
54VkF8s3BevKAX0JSwuf0O,30OBaYcCeQ71rdVWSpbTgC,7B9i94mmRUGH35kAyuUEDD,Starship Trooper/ Wurm,"Anderson, Squire, Howe",Tales Of Future And Past,2026-05-03T00:33:28
3RsiyFNrYlv16OWY1BHMmx,51pz4wvc0BPtjnGCWjxX91,1MD5pgVzlusqGyuSTcTxvu,Dove... quando... - II Parte,Premiata Forneria Marconi,Storia Di Un Minuto,2026-05-03T00:28:27
6eUnY12Nd9TVWlbBnFQRCw,6wI2sLcBmYzYQd9LFfkbhy,2CqEOngQOOMstJupNn6Hmf,Hallogallo,NEU!,NEU!,2026-05-03T00:22:27
131RAB9EVFAq5k38sLk1LG,7m6StTtrbnkaC6FkDVNnTe,2CqEOngQOOMstJupNn6Hmf,La Bomba (Stop Apartheid World-Wide),NEU!,NEU!,2026-05-03T00:11:33
47sJPdCkjVfLJWBFhwJiuE,20dTbQRkxuOTkf3SFyaT2m,7M1FPw29m5FbicYzS2xdpi,The Sheltering Sky,King Crimson,Discipline,2026-05-04T05:01:11
6PnG9i1lpihdIBHHFg0M6Y,6RjHOFz283XfJ7o7RwqaIT,5U16QlMnlSAhkQxBZpLyLO,Mr Evasion,The Pretty Things,S.F. Sorrow,2026-05-04T04:52:41
0lUBWPZWiGQEKNzayTCpxT,4RD4REp6RE2kVZ96Uf1TgB,4lianjyuR1tqf6oUX8kjrZ,Sequenze E Frequenze - Live 1988 / Remastered 2020,Franco Battiato,Giubbe Rosse (Deluxe 30th Anniversary Live & Remastered Edition / Remastered 2020),2026-05-04T04:49:11
7FCYhTAkaNIqO2NWAi2J2a,7cLNFRklt2EupipdILxJc7,7nQZVqkaUxa3A62UJSisSB,Libero pensatore,La coscienza di Zeno,La notte anche di giorno,2026-05-04T04:42:11
26oHuX40kl6CbJOE2fYzp2,5KlxVQrxfXom4ttbE6trkc,3UtSTTCQ0EMUQxmsfZ3Px1,Vivaldi,Curved Air,Air Conditioning,2026-05-04T04:37:11
75gb1H0F5IumlnwhjnB08B,2JyNDhGhp0hiizSPuUs0i9,67ea9eGLXYMsO2eYQRui3w,Rael - Pt.1 & Pt.2,The Who,The Who Sell Out (Super Deluxe),2026-05-04T04:29:41
7JYDQK92DhsXpynZ2kkXfs,36EzzM52hSYnWYwsdrWPGG,6o2PxnpsrQ352kwYlEwjvR,La Mela Di Odessa,Area,Crac!,2026-05-04T04:23:41
3RpQJrHPISBYkIYaoL4leS,4ttC4XUinZXn3GMIQNrjFZ,7M1FPw29m5FbicYzS2xdpi,Lament,King Crimson,Starless And Bible Black,2026-05-04T04:17:11
4UhB17vQsTP0qM9grc4ZUi,6wDCNTOXnKI8E4WrsdeJH9,1CD77o9fbdyQFrHnUPUEsF,Empty Pages - Remastered 2010,Traffic,John Barleycorn Must Die Deluxe Edition,2026-05-04T04:13:11
1d6WoMWzq2YTfGxUP94Rgy,6vUUBFECAo0oLUWfjqmXtZ,1MD5pgVzlusqGyuSTcTxvu,Bandiera Bianca,Premiata Forneria Marconi,Live In Japan 2002,2026-05-04T04:08:41
7m6T2wUj2CWjKkMbv42ZEo,2bG4ZJ2X6pUwOqPgk7Mgrg,1SQRv42e4PjEYfPhS0Tk9E,Shangri-La (2019 Remaster),The Kinks,Arthur or the Decline and Fall of the British Empire (Deluxe),2026-05-04T04:04:41
54VkF8s3BevKAX0JSwuf0O,30OBaYcCeQ71rdVWSpbTgC,7B9i94mmRUGH35kAyuUEDD,Starship Trooper/ Wurm,"Anderson, Squire, Howe",Tales Of Future And Past,2026-05-04T03:59:11
0O9dtCsMTsVIo0tF8AVJQ5,3nkLkuSpD5bMzG1ibkJw5N,4RuYtHjAKBufQRqBUMiOfK,La discesa dal treno,Banco Del Mutuo Soccorso,Transiberiana (Bonus Tracks Version),2026-05-04T03:46:41
0VLETiR8ft4wZHlCQf3UAf,2DZEwt8Lhz6PuqxsJWF7Ap,3Uz6jx81OY2J5K8Z4wmy2P,Freefall,Camel,Mirage,2026-05-04T03:40:41
1C7gBAgpedexfZgGFw0XoB,7BCKqUPSw6Y3Ih5Pk7otGY,7AC976RDJzL2asmZuz7qil,Sound Chaser - Single Edit,Yes,Yessingles,2026-05-04T03:34:41
5pLqf7TEvDr4QvOeLPUBQU,4ahL5vlNhi3Ob0c6syAMSg,31oFtS8VXHkm8YVypYsw89,Cara Sin Cruz,Mezquita,Califas del Rock,2026-05-04T03:30:17
0C1zYfc9awIJGuFV1vRrdi,4ahL5vlNhi3Ob0c6syAMSg,31oFtS8VXHkm8YVypYsw89,Mente de Mi Subconsciente,Mezquita,Califas del Rock,2026-05-04T01:20:59
04C3eRaNUMdAnt7CAJ01Gi,4ahL5vlNhi3Ob0c6syAMSg,31oFtS8VXHkm8YVypYsw89,La Ultima Juerga,Mezquita,Califas del Rock,2026-05-04T01:17:30
0fkiEfMOMVcEJtIHVanPic,4ahL5vlNhi3Ob0c6syAMSg,31oFtS8VXHkm8YVypYsw89,Aguas del Guadalquivir,Mezquita,Califas del Rock,2026-05-04T01:11:59
16q0i1YK2y41gMeJrBFXnv,4ahL5vlNhi3Ob0c6syAMSg,31oFtS8VXHkm8YVypYsw89,Así Soy Yo,Mezquita,Califas del Rock,2026-05-04T01:07:59
3o4fe9BKgqNE9ZodFat9d7,4ahL5vlNhi3Ob0c6syAMSg,31oFtS8VXHkm8YVypYsw89,Cuentos Arabes,Mezquita,Califas del Rock,2026-05-04T01:03:59
5u9lMPTlPZznzjFFh5ZdeX,4irlewoGTUPndEinKcavLF,02frazNrWgZCxUEf4UTfHt,Arrow - 2005 Digital Remaster,Van Der Graaf Generator,Godbluff,2026-05-03T23:04:06
7f79xfhkMFJrDt42o9BfyD,1n6mujGDmusUYHfuFtZZvJ,02frazNrWgZCxUEf4UTfHt,Lost - Remastered 2021,Van Der Graaf Generator,"H To He, Who Am The Only One (Deluxe)",2026-05-03T20:35:00
12BSffsg97h51TlEcwXKTr,1GOUMwPQw5xCizmD1Ixala,02frazNrWgZCxUEf4UTfHt,A Plague Of Lighthouse Keepers - Remastered 2021,Van Der Graaf Generator,Pawn Hearts (Deluxe),2026-05-03T20:21:48
3nhQ0t5o70uHAzEgYDedX2,1GOUMwPQw5xCizmD1Ixala,02frazNrWgZCxUEf4UTfHt,Man-Erg - Remastered 2021,Van Der Graaf Generator,Pawn Hearts (Deluxe),2026-05-03T19:59:00
5OJCbL1RVFYSw07C9e0QUS,1GOUMwPQw5xCizmD1Ixala,02frazNrWgZCxUEf4UTfHt,Lemmings (Including Cog) - Remastered 2021,Van Der Graaf Generator,Pawn Hearts (Deluxe),2026-05-03T19:48:30
0TMKja08JBRFwkdpl9IpI3,1n6mujGDmusUYHfuFtZZvJ,02frazNrWgZCxUEf4UTfHt,Killer - Remastered 2021,Van Der Graaf Generator,"H To He, Who Am The Only One (Deluxe)",2026-05-03T19:36:32
0Rumj64tAP1jhImDkzple6,3oUXNITVgUpdN2cUwH3hmS,0ifzzRKdmtgaHy9cfnnyCR,Focus II,Focus,Moving Waves,2026-05-03T19:28:30
5qmlexKxaI31MvFhObUCZm,68W3ppXWhsOLOURmxzRkyA,7M1FPw29m5FbicYzS2xdpi,The Devils Triangle,King Crimson,In The Wake Of Poseidon,2026-05-03T19:24:00
6yhGgwT0IxUt5yG19GDKn0,4tPuH2J8xL4JU91QFTWDUJ,0sihhSAp2JQBQ2oqapkVxV,In Principio,Logos,L'enigma Della Vita,2026-05-03T19:12:30
4NAP1NmknfmMkKuDi4fhxI,1uXol4dKqzMsUiqvHpwhZh,7AC976RDJzL2asmZuz7qil,Siberian Khatru - 2025 Remaster,Yes,Close to the Edge (Super Deluxe Edition),2026-05-03T19:01:00
54VkF8s3BevKAX0JSwuf0O,30OBaYcCeQ71rdVWSpbTgC,7B9i94mmRUGH35kAyuUEDD,Starship Trooper/ Wurm,"Anderson, Squire, Howe",Tales Of Future And Past,2026-05-03T18:52:00
6nl0oUn7TlqoUc59BOG0XS,1dbVSQR5jcw5rdngMyA3d8,7M1FPw29m5FbicYzS2xdpi,Neurotica,King Crimson,The Condensed 21st Century Guide To King Crimson (1969 - 2003),2026-05-03T18:39:30
6YmnF4T8NFadmlIbF6yGjB,0HoF3Ir1IYbIkvrxXrLGOB,7AC976RDJzL2asmZuz7qil,Tempus Fugit,Yes,Drama (Deluxe Edition),2026-05-03T18:34:30
6GQAYT0AssRfoGWWrD1UvW,0QXX3eaggwqZXkHJ1zwaGC,31oFtS8VXHkm8YVypYsw89,Ara Buza (Dame Un Beso) - Remasterizado,Mezquita,Recuerdos De Mi Tierra (Remasterizado 2023),2026-05-03T18:24:03
34RWVJloaUCdCe9EYMH9ms,0QXX3eaggwqZXkHJ1zwaGC,31oFtS8VXHkm8YVypYsw89,Desde Que Somos Dos - Remasterizado,Mezquita,Recuerdos De Mi Tierra (Remasterizado 2023),2026-05-03T17:00:20
19GTGG1v14wOISts5UNUr3,0QXX3eaggwqZXkHJ1zwaGC,31oFtS8VXHkm8YVypYsw89,El Bizco De Los Patios - Remasterizado,Mezquita,Recuerdos De Mi Tierra (Remasterizado 2023),2026-05-03T16:54:20
7vYZU6UBqScL7BKFVIYOAk,0QXX3eaggwqZXkHJ1zwaGC,31oFtS8VXHkm8YVypYsw89,Recuerdos De Mi Tierra - Remasterizado,Mezquita,Recuerdos De Mi Tierra (Remasterizado 2023),2026-05-03T16:50:20
4m1NnqNTUbXO0YDuFPJqJf,7oT1CbeyKlCJOsxmELnMMW,5hlBb5u8K5D8yrL8jwZ7N9,Recuerdos de una noche - En directo 1975,Triana,El patio 40 Aniversario,2026-05-03T16:41:51
6KrB5mFP48CLaiWHFwDYz0,7oT1CbeyKlCJOsxmELnMMW,5hlBb5u8K5D8yrL8jwZ7N9,Todo es de color,Triana,El patio 40 Aniversario,2026-05-03T16:36:51
5aQmBlkey0rhOa92rVvot2,7oT1CbeyKlCJOsxmELnMMW,5hlBb5u8K5D8yrL8jwZ7N9,En el lago,Triana,El patio 40 Aniversario,2026-05-03T16:34:50
1HqenWFPNXGLnp2ge0D8Dw,7oT1CbeyKlCJOsxmELnMMW,5hlBb5u8K5D8yrL8jwZ7N9,Diálogo,Triana,El patio 40 Aniversario,2026-05-03T16:28:20
2VQ0jbAidysPBubypprThV,7oT1CbeyKlCJOsxmELnMMW,5hlBb5u8K5D8yrL8jwZ7N9,Sé de un lugar,Triana,El patio 40 Aniversario,2026-05-03T16:23:51
3OkkbEpEUocDtiDjqC1CW0,7oT1CbeyKlCJOsxmELnMMW,5hlBb5u8K5D8yrL8jwZ7N9,Recuerdos de una noche,Triana,El patio 40 Aniversario,2026-05-03T16:16:20
12aazepVJE48YobDCKI6E5,7oT1CbeyKlCJOsxmELnMMW,5hlBb5u8K5D8yrL8jwZ7N9,Luminosa mañana,Triana,El patio 40 Aniversario,2026-05-03T16:11:50
3XZD0qEHYoCTnQe9ps8HeQ,7oT1CbeyKlCJOsxmELnMMW,5hlBb5u8K5D8yrL8jwZ7N9,Abre la puerta,Triana,El patio 40 Aniversario,2026-05-03T16:07:51
5f565QK5b34kOGyQYvHXd6,7m6StTtrbnkaC6FkDVNnTe,2CqEOngQOOMstJupNn6Hmf,KD,NEU!,NEU!,2026-05-03T15:53:21
2N58c77aEhAPk1FigknwIc,7m6StTtrbnkaC6FkDVNnTe,2CqEOngQOOMstJupNn6Hmf,November,NEU!,NEU!,2026-05-03T15:51:21
1Z1fqYVgMermcLcbSeLngr,7m6StTtrbnkaC6FkDVNnTe,2CqEOngQOOMstJupNn6Hmf,Good Life,NEU!,NEU!,2026-05-03T15:50:07
3p5NtypHWlGJutvA7iOfrd,7m6StTtrbnkaC6FkDVNnTe,2CqEOngQOOMstJupNn6Hmf,Vier ½,NEU!,NEU!,2026-05-03T15:45:50
73RVbX3YhvDYTSyrzKguSi,2U4JHXMiBxsKH4dnYEQg2g,7AC976RDJzL2asmZuz7qil,Parallels - 2003 Remaster,Yes,Going for the One (Deluxe Edition),2026-05-04T15:55:43
0VLETiR8ft4wZHlCQf3UAf,2DZEwt8Lhz6PuqxsJWF7Ap,3Uz6jx81OY2J5K8Z4wmy2P,Freefall,Camel,Mirage,2026-05-04T14:34:53
7JYDQK92DhsXpynZ2kkXfs,36EzzM52hSYnWYwsdrWPGG,6o2PxnpsrQ352kwYlEwjvR,La Mela Di Odessa,Area,Crac!,2026-05-04T14:28:54
3aPHB4pU4fPbPqcoSng1K0,4RD4REp6RE2kVZ96Uf1TgB,4lianjyuR1tqf6oUX8kjrZ,No U Turn - Live 1988 / Remastered 2020,Franco Battiato,Giubbe Rosse (Deluxe 30th Anniversary Live & Remastered Edition / Remastered 2020),2026-05-04T14:22:24
3nhQ0t5o70uHAzEgYDedX2,1GOUMwPQw5xCizmD1Ixala,02frazNrWgZCxUEf4UTfHt,Man-Erg - Remastered 2021,Van Der Graaf Generator,Pawn Hearts (Deluxe),2026-05-04T14:17:54
5ttK7WjqbTfeyeZVUKWJkF,1INPNU4BLdbKeLQqcYTGnx,0yNLKJebCb8Aueb54LYya3,Academic,New Order,Music Complete,2026-05-04T14:07:24
5uyJ7fbjk6xZzt5UL5jcQg,2ODAEaYlqS88SU4ZZu1bI6,0yNLKJebCb8Aueb54LYya3,True Faith - 2015 Remaster,New Order,Singles (2016 Remaster),2026-05-04T14:01:55
7HDWE2Ib7cjkhzULV4K8y3,0OWIVcNE4aItrlRvMUVueO,762310PdDnwsDxAQxzQkfX,It's No Good,Depeche Mode,Ultra (Deluxe),2026-05-04T13:57:24
4xMIvU75BVq0UOB5fi7Vgb,0OWIVcNE4aItrlRvMUVueO,762310PdDnwsDxAQxzQkfX,Only When I Lose Myself - Single Version,Depeche Mode,Ultra (Deluxe),2026-05-04T13:51:24
4WoKuMjwJXuy9IqX6AH5JE,5wfikaEZXnQTXWBZ5osw9A,762310PdDnwsDxAQxzQkfX,People Are People,Depeche Mode,Some Great Reward (Deluxe),2026-05-04T13:46:58
6Rr6wXmEx6w6dsBuqqKJa3,0Tg76MY2wNK4j37iCb6qyH,762310PdDnwsDxAQxzQkfX,Halo,Depeche Mode,Violator (Deluxe),2026-05-04T13:46:36
1VEIMGVXj7713dHY9gZLyU,0Tg76MY2wNK4j37iCb6qyH,762310PdDnwsDxAQxzQkfX,Waiting for the Night,Depeche Mode,Violator (Deluxe),2026-05-04T13:46:19
5tb8T4WJ5SULuf8lNkVfEp,06we4RiGhODMsbAPWmogy2,762310PdDnwsDxAQxzQkfX,The Things You Said,Depeche Mode,Music for the Masses (Deluxe),2026-05-04T13:46:18
3EZVUewtbfJMuiu21SxRaH,1GOUMwPQw5xCizmD1Ixala,02frazNrWgZCxUEf4UTfHt,A Plague Of Lighthouse Keepers - New Stereo Mix 2021,Van Der Graaf Generator,Pawn Hearts (Deluxe),2026-05-04T13:46:18
2MEgNX56NePhc8o9jxmUXm,6x7S6u9Cx2S0JD48nPsavE,762310PdDnwsDxAQxzQkfX,Higher Love,Depeche Mode,Songs of Faith and Devotion (Deluxe),2026-05-04T13:46:17
74jEbB6r3UkKhjIOcJjkVN,0toDuabaPv8Pa2KGI88eB7,0kbYTNQb4Pb1rPbbaF0pT4,Portia,Miles Davis,Tutu,2026-05-04T13:46:17
4u6tu5K2M4DvEdZXDGfzzd,1GOUMwPQw5xCizmD1Ixala,02frazNrWgZCxUEf4UTfHt,Theme One - New Stereo Mix 2021,Van Der Graaf Generator,Pawn Hearts (Deluxe),2026-05-04T13:46:17
5PtndrR1yYsj2BSoo89S6w,1GOUMwPQw5xCizmD1Ixala,02frazNrWgZCxUEf4UTfHt,Man-Erg - New Stereo Mix 2021,Van Der Graaf Generator,Pawn Hearts (Deluxe),2026-05-04T13:46:17
5yAcJtUiOFTdvePkHb4hs8,0Zp2eVzR9FW6lKX05lRpcu,762310PdDnwsDxAQxzQkfX,New Life,Depeche Mode,Speak and Spell (Deluxe),2026-05-04T13:46:17
3mHj3cBY3bKYuMb3z0lRVS,0c2eDi1S58XzaqxwOC1FMZ,762310PdDnwsDxAQxzQkfX,Personal Jesus - Acoustic,Depeche Mode,"Violator | The 12"" Singles",2026-05-04T13:46:17
4QeEhsFQOJZye2FlRQcf7j,1Kn7Ds2UpJTdpBj7oweUh7,4lianjyuR1tqf6oUX8kjrZ,"Amore Che Vieni, Amore Che Val",Franco Battiato,Fleurs,2026-05-04T13:46:17
37uZo8Kg2vDcCkD2yA4YeT,1GOUMwPQw5xCizmD1Ixala,02frazNrWgZCxUEf4UTfHt,W - New Stereo Mix 2021,Van Der Graaf Generator,Pawn Hearts (Deluxe),2026-05-04T13:46:16
1qkp9OvCk8FjeDdEd2bKQ6,7M2EhhKnJYcmluPNzmB35N,4P70aqttdpJ9vuYFDmf7f6,Alpha,Vangelis,Albedo 0.39,2026-05-04T10:47:14
3fCM5oy8dWngCNyGkGnVcD,41sJTFyarp4aKHcTGjIKnU,1yTEkYjWeeo4ANkbvUTiFG,Andy Nogger,Kraan,Andy Nogger,2026-05-04T08:47:11
1d6WoMWzq2YTfGxUP94Rgy,6vUUBFECAo0oLUWfjqmXtZ,1MD5pgVzlusqGyuSTcTxvu,Bandiera Bianca,Premiata Forneria Marconi,Live In Japan 2002,2026-05-04T08:43:11
54VkF8s3BevKAX0JSwuf0O,30OBaYcCeQ71rdVWSpbTgC,7B9i94mmRUGH35kAyuUEDD,Starship Trooper/ Wurm,"Anderson, Squire, Howe",Tales Of Future And Past,2026-05-04T08:39:11
54VkF8s3BevKAX0JSwuf0O,30OBaYcCeQ71rdVWSpbTgC,7B9i94mmRUGH35kAyuUEDD,Starship Trooper/ Wurm,"Anderson, Squire, Howe",Tales Of Future And Past,2026-05-04T08:27:28
5PtndrR1yYsj2BSoo89S6w,1GOUMwPQw5xCizmD1Ixala,02frazNrWgZCxUEf4UTfHt,Man-Erg - New Stereo Mix 2021,Van Der Graaf Generator,Pawn Hearts (Deluxe),2026-05-04T08:09:53
06A2v1vXdG6WISnC18RcbL,1GOUMwPQw5xCizmD1Ixala,02frazNrWgZCxUEf4UTfHt,Lemmings (Including Cog) - New Stereo Mix 2021,Van Der Graaf Generator,Pawn Hearts (Deluxe),2026-05-04T07:59:45
6rbLGESJIt0IdCWcrXtrFK,1Apj3GZ0D7l94CFA5qInjr,4RuYtHjAKBufQRqBUMiOfK,L'Evoluzione,Banco Del Mutuo Soccorso,Darwin (1991 Edition),2026-05-04T07:43:58
