track,short,plays,track_unique_days,log_dur_min,track_score
The Lion's Mouth,The Lion's Mouth,14,8,1.2809338454620642,40.2
Man-Erg - Remastered 2021,Man-Erg,10,7,2.3350522831315472,34.84
Big Apple,Big Apple,10,8,1.425515074273172,34.56
A Plague Of Lighthouse Keepers - Remastered 2021,A Plague Of Lighthouse Keepers,7,7,3.138533072185662,32.35
Sequenze E Frequenze - Live 1988 / Remastered 2020,Sequenze E Frequenze,8,7,1.958685340544036,30.9
Ooh to Be Ah - The Construction Mix,Ooh to Be Ah,7,7,1.884034745337226,29.21
Parallels - 2003 Remaster,Parallels,7,7,1.7749523509116738,28.94
Lemmings (Including Cog) - Remastered 2021,Lemmings (Including Cog),7,6,2.4518667957098,28.63
The Lion's Mouth - Beast Mix,The Lion's Mouth,8,6,1.7316555451583495,28.33
Into the Lens,Into the Lens,7,6,2.1447610078004784,27.86
Tempus Fugit,Tempus Fugit,7,6,1.6601310267496183,26.65
Apparenza e realtà,Apparenza e realtà,7,6,1.2947271675944,25.74
Thela Hun Ginjeet,Thela Hun Ginjeet,6,6,1.8625285401162623,25.66
No U Turn - Live 1988 / Remastered 2020,No U Turn,6,6,1.4816045409242156,24.7
Nuvole Nere,Nuvole Nere,6,6,1.415853163361435,24.54
"True Faith - Shep Pettibone 12"" Remix",True Faith,6,5,2.203869120054888,24.51
Bandiera Bianca,Bandiera Bianca,7,5,1.3937663759585917,23.98
Into The Storm - Remastered,Into The Storm,6,5,1.9315214116032136,23.83
The Devils Triangle,The Devils Triangle,5,5,2.4527277514237653,23.63
Arrow - 2005 Digital Remaster,Arrow,5,5,2.2823823856765264,23.21
Scorched Earth - 2005 Digital Remaster,Scorched Earth,5,5,2.274185618472348,23.19
Several Species of Small Furry Animals Gathered Together in a Cave and Grooving with a Pict,Several Species of Small Furry Animals Gathered Together in a Cave and Grooving with a Pict,6,5,1.603419840108537,23.01
The Sheltering Sky,The Sheltering Sky,5,5,2.124653884501384,22.81
L'Evoluzione,L'Evoluzione,5,4,2.8195915758351173,22.55
Vivaldi,Vivaldi,5,5,2.0162354657760435,22.54
Does It Really Happen? - LP/Single Version,Does It Really Happen?,5,5,1.884034745337226,22.21
Monochromatic - Live,Monochromatic,7,4,1.42791603581071,22.07
Lies & Promises,Lies & Promises,6,5,1.0647107369924282,21.66
Big Apple - Metro Mix,Big Apple,6,4,1.8082887711792652,21.52
The Power to Forgive,The Power to Forgive,5,5,1.5623463049002495,21.41
Starship Trooper/ Wurm,Starship Trooper/ Wurm,6,3,2.5152741864043966,21.29
The Garden - Instrumental,The Garden,7,4,1.0508216248317612,21.13
The Pump Rooms of Bath,The Pump Rooms of Bath,7,4,0.9360933591703348,20.84
Automaticamente,Automaticamente,6,4,1.4906543764441336,20.73
Voglio Vederti Danzare - Live 1988 / Remastered 2020,Voglio Vederti Danzare,5,5,1.2267122912954254,20.57
Ooh to Be Ah,Ooh to Be Ah,6,4,1.2781522025001877,20.2
Words On A Page - Remastered,Words On A Page,5,4,1.8453002361560848,20.11
To The Moment - Remastered,To The Moment,5,4,1.8261608959453877,20.07
Animal Instincts,Animal Instincts,5,5,0.9932517730102834,19.98
The Man You Always Wanted Me To Be - Remastered,The Man You Always Wanted Me To Be,5,4,1.623340817603092,19.56
Siberian Khatru - 2025 Remaster,Siberian Khatru,4,4,2.192770226986839,19.48
Aliens - Remastered,Aliens,5,4,1.541159071680806,19.35
Killer - Remastered 2021,Killer,4,4,2.1162555148025524,19.29
Hallogallo,Hallogallo,5,3,2.31451366385932,19.29
Geranio,Geranio,4,4,2.0881534822818573,19.22
Pecore Elettriche - Italian version,Pecore Elettriche,5,4,1.425515074273172,19.06
Cool Scene,Cool Scene,5,4,1.4182774069729414,19.05
The Undercover Man - 2005 Digital Remaster,The Undercover Man,4,4,2.020222182019865,19.05
Blue Monday - Hardfloor Mix,Blue Monday,5,3,2.150598735996164,18.88
From The Turn Of A Card - Remastered,From The Turn Of A Card,5,4,1.2149127443642704,18.54
Hour Of Need - Remastered,Hour Of Need,5,4,1.1314021114911006,18.33
Rael - Pt.1 & Pt.2,Rael,4,4,1.7316555451583495,18.33
In Principio,In Principio,4,3,2.438862711286593,18.1
Neurotica,Neurotica,4,4,1.574846467664481,17.94
Gli Uccelli - Remastered 2021,Gli Uccelli,4,4,1.5644405465033646,17.91
Oceano Di Silenzio - Live 1988 / Remastered 2020,Oceano Di Silenzio,4,4,1.4861396960896067,17.72
On a Plane,On a Plane,4,4,1.4422019930581866,17.61
Lament,Lament,4,4,1.4085449700547104,17.52
Turn Your Back on Me,Turn Your Back on Me,4,4,1.3912819026309295,17.48
Awaken - 2003 Remaster,Awaken,3,3,2.7421295147550726,17.36
Ermeneutica,Ermeneutica,4,4,1.2725655957915476,17.18
White Feathers,White Feathers,4,4,1.2584609896100056,17.15
Cuentos Arabes,Cuentos Arabes,4,4,1.2612978709452054,17.15
Two Dolphins Go Dancing,Two Dolphins Go Dancing,4,4,1.249901736214336,17.12
White Feathers - Manhattan Clique Remix Edit,White Feathers,5,3,1.3480731482996928,16.87
Walking The Dog,Walking The Dog,4,4,1.1474024528375415,16.87
Little Red Rooster - (Original Single Mono Version),Little Red Rooster,4,4,1.1249295969854831,16.81
Animal Farm,Animal Farm,4,4,1.1019400787607845,16.75
Bohemian Like You,Bohemian Like You,5,3,1.2612978709452054,16.65
The Fish (Schindleria Praematurus) - 2024 Remaster,The Fish (Schindleria Praematurus),4,4,0.9783261227936078,16.45
The Sleepwalkers - 2005 Digital Remaster,The Sleepwalkers,3,3,2.3683728335320486,16.42
The Gift Of Love - Remastered,The Gift Of Love,3,3,2.2915241456346207,16.23
Free Bird,Free Bird,3,3,2.21046980408624,16.03
Man-Erg - New Stereo Mix 2021,Man-Erg,4,2,2.3398808777377424,15.85
Charm of a Gun,Charm of a Gun,4,3,1.4951487660319729,15.74
Back At The Chicken Shack,Back At The Chicken Shack,3,3,2.0856720914304723,15.71
Your Appetite,Your Appetite,4,3,1.4816045409242156,15.7
The Raven That Refused to Sing,The Raven That Refused to Sing,3,3,2.0731719286662407,15.68
Cat Walk,Cat Walk,3,3,1.937301774518713,15.34
Metal,Metal,4,3,1.2669476034873244,15.17
La discesa dal treno,La discesa dal treno,3,3,1.8325814637483104,15.08
Waiting for the Night,Waiting for the Night,3,3,1.8115620965242347,15.03
Sleep,Sleep,3,3,1.7833912195575383,14.96
The Four Horsemen,The Four Horsemen,3,3,1.7732559976634952,14.93
Pigeons,Pigeons,4,3,1.172482137234565,14.93
Ergonomics,Ergonomics,4,3,1.169381359556317,14.92
Tiergarten,Tiergarten,4,3,1.1568811967920856,14.89
Alpha,Alpha,3,3,1.747459210331475,14.87
A Plague Of Lighthouse Keepers - New Stereo Mix 2021,A Plague Of Lighthouse Keepers,2,2,3.1484533605716547,14.87
La Mela Di Odessa,La Mela Di Odessa,4,2,1.8931119634883424,14.73
Shangri-La (2019 Remaster),Shangri-La (2019 Remaster),3,3,1.6752256529721037,14.69
Melting the Ice Away,Melting the Ice Away,3,3,1.6695918352538477,14.67
Turn Your Back on Me - Extended Mix,Turn Your Back on Me,3,3,1.6272778305624314,14.57
L'Isola Elefante,L'Isola Elefante,3,3,1.5871923034867803,14.47
Cat Food,Cat Food,3,3,1.5851452198650555,14.46
Islands,Islands,3,3,1.5810384379124025,14.45
La Pulce D'Acqua,La Pulce D'Acqua,3,3,1.556037135706985,14.39
Man Gave Names to All the Animals,Man Gave Names to All the Animals,3,3,1.4951487660319729,14.24
Waiting Man,Waiting Man,3,3,1.4951487660319729,14.24
Neal And Jack And Me,Neal And Jack And Me,3,3,1.4747630091074988,14.19
Two Minute Warning,Two Minute Warning,3,3,1.4422019930581866,14.11
A Horse with No Name,A Horse with No Name,3,3,1.4350845252893227,14.09
Monkey Man - Remastered 2019,Monkey Man,3,3,1.4350845252893227,14.09
Le Aquile - Remastered 2008,Le Aquile,3,3,1.430311246536665,14.08
"L'Ombra Della Luce - Live From Teatro Dell'Archivolto, Genova / Italy, 1994",L'Ombra Della Luce,3,3,1.3937663759585917,13.98
Part of Me Is You,Part of Me Is You,3,3,1.3737155789130306,13.93
Shakin',Shakin',3,3,1.3686394258811698,13.92
Paninaro - Italian Remix; 2018 Remaster,Paninaro,3,2,2.158714722574344,13.9
Zai Saman - 2008 Remaster,Zai Saman,3,3,1.355835153635182,13.89
People Are People,People Are People,3,3,1.3532545070416904,13.88
Wonderous Stories - 2003 Remaster,Wonderous Stories,3,3,1.3402504226184837,13.85
L'Era Del Cinghiale Bianco - Live 1988 / Remastered 2020,L'Era Del Cinghiale Bianco,3,3,1.289232648276759,13.72
Aria Di Rivoluzione - Live 1988 / Remastered 2020,Aria Di Rivoluzione,3,3,1.2725655957915476,13.68
Get the Balance Right! - Combination Mix,Get the Balance Right!,3,2,2.0706530356467567,13.68
La Musica Muore - Remastered 2019,La Musica Muore,3,3,1.2669476034873244,13.67
Animals - 2005 Remaster,Animals,3,3,1.2556160374777745,13.64
Summer On A Solitary Beach - Live 1988 / Remastered 2020,Summer On A Solitary Beach,3,3,1.2556160374777745,13.64
Il Re Del Mondo - 1985 Version / 2008 Remaster,Il Re Del Mondo,3,3,1.2412685890696329,13.6
Le aquile non volano a stormi,Le aquile non volano a stormi,3,3,1.235471471385307,13.59
Alexander Platz - Live 1988 / Remastered 2020,Alexander Platz,3,3,1.220829921392359,13.55
Transumanza jam - Live in Lugano,Transumanza jam,3,3,1.2178757094949273,13.54
L'Animale - Remastered,L'Animale,3,3,1.2029723039923526,13.51
Get the Balance Right!,Get the Balance Right!,3,3,1.175573329804238,13.44
Kajagoogoo - Instrumental,Kajagoogoo,3,3,1.1662709371419244,13.42
Hey Bulldog - Remastered 2009,Hey Bulldog,3,3,1.1600209167967532,13.4
Un'Altra Vita - Live 1988 / Remastered 2020,Un'Altra Vita,3,3,1.1019400787607845,13.25
The Age Of Ermafrodites,The Age Of Ermafrodites,3,2,1.8702625307159984,13.18
Dead Pigeon Suite,Dead Pigeon Suite,2,2,2.466403178223441,13.17
Lemmings (Including Cog) - New Stereo Mix 2021,Lemmings (Including Cog),2,2,2.4561641809223462,13.14
Octopus's Garden - Remastered 2009,Octopus's Garden,3,3,1.0473189942805592,13.12
Dream Gerrard,Dream Gerrard,2,2,2.401525040848949,13.0
Freefall,Freefall,3,2,1.7715567619105357,12.93
Machine Messiah,Machine Messiah,2,2,2.347558458636777,12.87
Abre la puerta,Abre la puerta,2,2,2.286455711064162,12.72
La Rossa - 2005 Digital Remaster,La Rossa,2,2,2.28949985344539,12.72
The Gates of Delirium - 2003 Remaster,The Gates of Delirium,2,1,3.0832851705618523,12.71
Never Let Me Down Again - Split Mix,Never Let Me Down Again,2,2,2.253394848803274,12.63
Dog Breath Variations,Dog Breath Variations,3,3,0.7514160886839212,12.38
Rivers,Rivers,3,2,1.5260563034950492,12.32
My Room (Waiting For Wonderland) - 2005 Digital Remaster,My Room (Waiting For Wonderland),2,2,2.086913556518537,12.22
Dancing with the Moonlit Knight - 2007 Stereo Mix,Dancing with the Moonlit Knight,2,2,2.080690761080268,12.2
Turn of the Century - 2003 Remaster,Turn of the Century,2,2,2.069391205826334,12.17
Recuerdos De Mi Tierra - Remasterizado,Recuerdos De Mi Tierra,2,2,2.050270164379556,12.13
Personal Jesus - Pump Mix,Personal Jesus,2,2,2.0515563381903004,12.13
Giubbe Rosse - Remastered 2020,Giubbe Rosse,3,2,1.4445632692438664,12.11
Conversation,Conversation,2,2,2.0294631718735947,12.07
Bird Song,Bird Song,2,2,2.0294631718735947,12.07
Darkness (11/11) [2005 - Remaster],Darkness (11/11) [2005,2,2,2.0149030205422647,12.04
La Porta Chiusa,La Porta Chiusa,2,2,2.0162354657760435,12.04
Blue Monday,Blue Monday,2,2,2.0135687975291283,12.03
The Things You Said,The Things You Said,3,2,1.3987168811184478,12.0
Larks' Tongues In Aspic (Part II),Larks' Tongues In Aspic (Part II),2,2,1.99061032797322,11.98
La grande Pasqua russa,La grande Pasqua russa,2,2,1.9878743481543453,11.97
Cars,Cars,3,2,1.3812818192963463,11.95
Pilgrims - 2005 Digital Remaster,Pilgrims,2,2,1.9740810260220096,11.94
No Quarter - Remaster,No Quarter,2,2,1.951608170169951,11.88
Shouldn't Do That - Disciplined Mix,Shouldn't Do That,2,2,1.9473377010464987,11.87
La carrozza di Hans,La carrozza di Hans,2,2,1.913977101952304,11.78
China Cat Sunflower - 2013 Remaster,China Cat Sunflower,3,2,1.308332819650179,11.77
Il Mietitore,Il Mietitore,3,2,1.2837077723447896,11.71
Cirkus (including Entry of the Chameleons),Cirkus (including Entry of the Chameleons),2,2,1.864080130807681,11.66
Changes,Changes,2,2,1.8468787684491343,11.62
Photographic - Rex The Dog Dubb Mix,Photographic,2,2,1.8468787684491343,11.62
Il Respiro del Tempo - Italian version,Il Respiro del Tempo,2,2,1.843719208158766,11.61
Route 66 - Beatmasters Mix,Route 66,2,2,1.840549633397487,11.6
Going Under,Going Under,3,2,1.2383742310432684,11.6
Big Apple - 12' Extended Version,Big Apple,2,2,1.8164520818184269,11.54
Everything Counts - Absolut Mix,Everything Counts,2,2,1.7984040119467235,11.5
Dove... quando... - II Parte,Dove... quando...,2,2,1.7950872593207297,11.49
Desde Que Somos Dos - Remasterizado,Desde Que Somos Dos,2,2,1.754403682684286,11.39
Moon Rocks,Moon Rocks,2,2,1.7509374747078,11.38
Too Shy - Midnight Mix,Too Shy,2,2,1.749199854809259,11.37
Lizard (Prince Rupert Awakes/Bolero/The Battle of Glass Tears/Big Top),Lizard (Prince Rupert Awakes/Bolero/The Battle of Glass Tears/Big Top),1,1,3.1497400860333387,11.37
Wild Horses,Wild Horses,2,2,1.742219023667919,11.36
Supper's Ready - 2007 Stereo Mix,Supper's Ready,1,1,3.139832617527748,11.35
Medley: A Plague Of Lighthouse Keepers - 2000 Digital Remaster,Medley: A Plague Of Lighthouse Keepers,1,1,3.140265424286289,11.35
Nietzsche,Nietzsche,2,2,1.7369512327330598,11.34
750.000 anni fa... l'amore?,750.000 anni fa... l'amore?,2,2,1.728109442151599,11.32
Man With An Open Heart,Man With An Open Heart,3,2,1.128171090909654,11.32
M.E.,M.E.,2,2,1.7263316639055997,11.32
Run Through The Jungle,Run Through The Jungle,3,2,1.1249295969854831,11.31
L'assalto dei lupi,L'assalto dei lupi,2,2,1.7191887763932197,11.3
The Good Thing,The Good Thing,3,2,1.118414915964289,11.3
Going for the One - 2003 Remaster,Going for the One,2,2,1.7101878155342434,11.28
Cats Under The Stars,Cats Under The Stars,2,2,1.7083778602890038,11.27
L'Immenso Campo Insensato,L'Immenso Campo Insensato,2,2,1.7047480922384253,11.26
Ore,Ore,2,2,1.682688374173693,11.21
Mohammed,Mohammed,2,2,1.6752256529721037,11.19
Godless,Godless,2,2,1.673351238177753,11.18
La Ultima Juerga,La Ultima Juerga,2,2,1.665818245870208,11.16
L'Esodo - 2008 Remaster,L'Esodo,2,2,1.6563214983329508,11.14
Some Skunk Funk,Some Skunk Funk,2,2,1.6428726885203375,11.11
Up Patriots To Arms - Remastered 2008,Up Patriots To Arms,2,2,1.6272778305624314,11.07
Banana Republic,Banana Republic,2,2,1.6213664832993742,11.05
La Grande Corsa - Italian version,La Grande Corsa,2,2,1.615419984111648,11.04
Good Morning,Good Morning,2,2,1.6094379124341005,11.02
Il Ragno,Il Ragno,2,2,1.5953389880545987,10.99
Umani Alieni - Italian version,Umani Alieni,2,2,1.5933085305042167,10.98
K.N.A. (Kaleidoscope Neutronic Accelerator),K.N.A. (Kaleidoscope Neutronic Accelerator),2,2,1.574846467664481,10.94
Seagull,Seagull,2,2,1.5623463049002495,10.91
Moon In June,Moon In June,1,1,2.9507349076232554,10.88
Gli Uccelli - Live 1988 / Remastered 2020,Gli Uccelli,2,2,1.551808799597464,10.88
The Loop,The Loop,2,2,1.5496879080283263,10.87
Paninaro,Paninaro,2,2,1.5432981099295553,10.86
The Night Watch,The Night Watch,2,2,1.545432582458188,10.86
The Hurlyburly,The Hurlyburly,2,2,1.534714366238164,10.84
"Close to the Edge: i. The Solid Time of Change, ii. Total Mass Retain, iii. I Get up I Get Down, iv. Seasons of Man - 2025 Remaster","Close to the Edge: i. The Solid Time of Change, ii. Total Mass Retain, iii. I Get up I Get Down, iv. Seasons of Man",1,1,2.929592471049446,10.82
Empty Pages - Remastered 2010,Empty Pages,2,2,1.5216989981260935,10.8
The Lamb,The Lamb,2,2,1.5216989981260935,10.8
Ara Buza (Dame Un Beso) - Remasterizado,Ara Buza (Dame Un Beso),2,2,1.5195132049061133,10.8
Indiscipline,Indiscipline,2,2,1.5151272329628591,10.79
Cyber Alpha,Cyber Alpha,2,2,1.4973884086254774,10.74
Owner of a Lonely Heart,Owner of a Lonely Heart,2,2,1.4951487660319729,10.74
Il Ballo Del Potere,Il Ballo Del Potere,2,2,1.4861396960896067,10.72
Everybody's Got Something To Hide Except Me And My Monkey - Remastered 2009,Everybody's Got Something To Hide Except Me And My Monkey,3,2,0.8796267475025636,10.7
AtmoSpace - Italian version,AtmoSpace,2,2,1.4816045409242156,10.7
Mesopotamia - Live 1988 / Remastered 2020,Mesopotamia,2,2,1.4770487243883548,10.69
L'Oceano Di Silenzio - 2008 Remaster,L'Oceano Di Silenzio,2,2,1.4678743481123135,10.67
El Bizco De Los Patios - Remasterizado,El Bizco De Los Patios,2,2,1.4678743481123135,10.67
Chan-Son Egocentrique - Remastered,Chan-Son Egocentrique,2,2,1.4422019930581866,10.61
The Howler,The Howler,2,2,1.4350845252893227,10.59
Ricochet (Part One) - Live From Europe/1975 / 1995 Digital Remaster,Ricochet (Part One),1,1,2.830857630363757,10.58
Radio Varsavia - Remastered 2022,Radio Varsavia,2,2,1.42791603581071,10.57
Aguas del Guadalquivir,Aguas del Guadalquivir,2,2,1.425515074273172,10.56
Films,Films,2,2,1.425515074273172,10.56
"Lemmings - Live From L'Altro Mondo, Rimini, Italy/1975",Lemmings,1,1,2.815408719422709,10.54
Ombre Amiche - Italian version,Ombre Amiche,2,2,1.415853163361435,10.54
Focus II,Focus II,2,2,1.4011829736136412,10.5
Engineers,Engineers,2,2,1.3912819026309295,10.48
The Raven,The Raven,2,2,1.3787660946990992,10.45
Turn Your Back on Me - Thompson & Barbiero US Mix,Turn Your Back on Me,2,2,1.3737155789130306,10.43
Así Soy Yo,Así Soy Yo,2,2,1.3711807233098423,10.43
E Ti Vengo A Cercare - Live 1988 / Remastered 2020,E Ti Vengo A Cercare,2,2,1.3737155789130306,10.43
Don't Kill the Whale,Don't Kill the Whale,2,2,1.3686394258811698,10.42
Enjoy the Silence - Timo Maas Extended Remix,Enjoy the Silence,2,1,2.166765369851511,10.42
La Rivoluzione - Radio Edit,La Rivoluzione,2,2,1.3686394258811698,10.42
Heartbeat,Heartbeat,2,2,1.3635373739972745,10.41
Centro Di Gravità Permanente - Live 1988 / Remastered 2020,Centro Di Gravità Permanente,2,2,1.358409157630355,10.4
Lode All'Inviolato - 2008 Remaster,Lode All'Inviolato,2,2,1.358409157630355,10.4
Canto nomade per un prigioniero politico,Canto nomade per un prigioniero politico,1,1,2.7587433154177283,10.4
Weirdo - 2024 Digital Master,Weirdo,2,2,1.355835153635182,10.39
Afraid of You,Afraid of You,2,2,1.3532545070416904,10.38
Orange Crush - Remastered 2013,Orange Crush,2,2,1.3506671834767394,10.38
Jigsaw,Jigsaw,2,2,1.3532545070416904,10.38
Random,Random,2,2,1.3428648031925547,10.36
Squid/Octopus - Remastered 2021,Squid/Octopus,1,1,2.7350166493320245,10.34
Andy Nogger,Andy Nogger,2,2,1.3376291891386096,10.34
Mr. Non Lo So - Italian version,Mr. Non Lo So,2,2,1.3376291891386096,10.34
Corpi In Movimento,Corpi In Movimento,2,1,2.130609828254235,10.33
Il cammino interminabile,Il cammino interminabile,2,2,1.3190856114264409,10.3
Running Against The Grain,Running Against The Grain,2,2,1.308332819650179,10.27
Magician Man,Magician Man,2,2,1.308332819650179,10.27
Words On A Page - Demo,Words On A Page,2,2,1.308332819650179,10.27
Transumanza Jam - Italian version,Transumanza Jam,2,2,1.3001916620664788,10.25
Back Street Luv,Back Street Luv,2,2,1.2864740258376797,10.22
The Spider And The Fly - Remastered 2002,The Spider And The Fly,2,2,1.289232648276759,10.22
"Rent - 7"" Mix; 2018 Remaster",Rent,2,2,1.2809338454620642,10.2
Sartori in Tangier,Sartori in Tangier,2,2,1.275362800412609,10.19
Big Indian,Big Indian,2,2,1.275362800412609,10.19
23 coppie di cromosomi,23 coppie di cromosomi,2,2,1.2725655957915476,10.18
Il Vuoto,Il Vuoto,2,2,1.2725655957915476,10.18
Mr Evasion,Mr Evasion,2,2,1.2556160374777745,10.14
Rattlesnake Shake - 2013 Remaster,Rattlesnake Shake,2,2,1.252762968495368,10.13
Do I,Do I,2,2,1.247032293786383,10.12
Lettera Al Governatore Della Libia - Live 1988 / Remastered 2020,Lettera Al Governatore Della Libia,2,2,1.235471471385307,10.09
Horse Pills,Horse Pills,2,2,1.2267122912954254,10.07
Tra sesso e castità,Tra sesso e castità,2,2,1.229640551074514,10.07
The Cat,The Cat,2,2,1.2237754316221157,10.06
Mente de Mi Subconsciente,Mente de Mi Subconsciente,2,2,1.2178757094949273,10.04
Country Leaver,Country Leaver,2,2,1.2178757094949273,10.04
Fortezza Bastiani,Fortezza Bastiani,2,2,1.208960345836975,10.02
Larks' Tongues In Aspic (Part I),Larks' Tongues In Aspic (Part I),1,1,2.6093342281630525,10.02
Airlane,Airlane,2,2,1.1969481893889715,9.99
Mondi Paralleli - Italian version,Mondi Paralleli,2,2,1.1908875647772803,9.98
New Frontiers - 2008 Remaster,New Frontiers,2,2,1.181727195378616,9.95
Paloma Ausente,Paloma Ausente,2,2,1.172482137234565,9.93
Il Dono Del Cervo,Il Dono Del Cervo,2,2,1.169381359556317,9.92
Complex,Complex,2,2,1.1662709371419244,9.92
The Snow Goose - Remastered 2023,The Snow Goose,2,2,1.1631508098056809,9.91
Get Off,Get Off,2,2,1.1568811967920856,9.89
Lode All'Inviolato - Live 2003,Lode All'Inviolato,2,2,1.1568811967920856,9.89
Sound Chaser - Single Edit,Sound Chaser,2,2,1.1505720275988207,9.88
Theme One - New Stereo Mix 2021,Theme One,2,2,1.1537315878891892,9.88
"A Louse Is Not A Home - Live, 2005 Digital Remaster",A Louse Is Not A Home,1,1,2.5494451709255714,9.87
Cara Sin Cruz,Cara Sin Cruz,2,2,1.1474024528375415,9.87
Solid,Solid,2,2,1.144222799920162,9.86
Childlike Faith In Childhood's End - 2005 Digital Remaster,Childlike Faith In Childhood's End,1,1,2.5368663887187117,9.84
L'animale,L'animale,2,2,1.1314021114911006,9.83
Eastern Numbers - Early Version of Awaken,Eastern Numbers,1,1,2.5079719227189963,9.77
Luminol,Luminol,1,1,2.498973906999436,9.75
Cuccurucucù - Live 1988 / Remastered 2020,Cuccurucucù,2,2,1.091923300517313,9.73
"(In The) Black Room/The Tower - Live From L'Altro Mondo, Rimini, Italy/1975",(In The) Black Room/The Tower,1,1,2.466403178223441,9.67
Observer,Observer,2,2,1.0612565021243408,9.65
Lemmings (Including Cog) - Remastered 2005,Lemmings (Including Cog),1,1,2.4553061800117097,9.64
Tracks,Tracks,2,2,1.0508216248317612,9.63
Pigs (Three Different Ones),Pigs (Three Different Ones),1,1,2.437115985951652,9.59
White Feathers - Manhattan Clique Remix Instrumental,White Feathers,2,1,1.8309801823813363,9.58
White Feathers - Manhattan Clique Remix,White Feathers,2,1,1.8309801823813363,9.58
Animal,Animal,2,2,1.0260415958332745,9.57
Lost - Remastered 2021,Lost,1,1,2.414126467726953,9.54
Lost: The Dance In Sand And Sea/The Dance In The Frost - 2005 Digital Remaster,Lost: The Dance In Sand And Sea/The Dance In The Frost,1,1,2.4176979000945504,9.54
ManErg - Sounds Of The 70s Session / 1971,ManErg,1,1,2.412335956953165,9.53
Traccia II,Traccia II,2,2,0.9745596399981308,9.44
Whip It,Whip It,2,2,0.9707789171582248,9.43
"A Love Supreme, Pt. III - Pursuance","A Love Supreme, Pt. III",1,1,2.3711778844596574,9.43
Pet Sounds,Pet Sounds,2,2,0.9669838461896731,9.42
Feng Shui,Feng Shui,1,1,2.342766882626877,9.36
Lonnie's Lament - Live In Berlin / 1963,Lonnie's Lament,1,1,2.3282528397426234,9.32
Confusion - Pump Panel Reconstruction Mix,Confusion,1,1,2.322387720290225,9.31
"And You and I: i. Cord of Life, ii. Eclipse, iii. The Preacher the Teacher, iv. Apocalypse - 2025 Remaster","And You and I: i. Cord of Life, ii. Eclipse, iii. The Preacher the Teacher, iv. Apocalypse",1,1,2.3233676321765744,9.31
The Holy Drinker,The Holy Drinker,1,1,2.325324579963535,9.31
Suoni Primordiali,Suoni Primordiali,1,1,2.3204250111223765,9.3
White Rabbit,White Rabbit,2,2,0.9202827531436923,9.3
A Place To Survive,A Place To Survive,1,1,2.309560706730471,9.27
Boris The Spider,Boris The Spider,2,2,0.9001613499442714,9.25
La Conquista Della Posizione Eretta,La Conquista Della Posizione Eretta,1,1,2.301584592660462,9.25
The Butterfly - Remastered,The Butterfly,2,2,0.8960880245566357,9.24
Canary In A Coalmine,Canary In A Coalmine,2,2,0.8919980393051105,9.23
Forse Le Lucciole Non Si Amano Più - Remastered 2021,Forse Le Lucciole Non Si Amano Più,1,1,2.288486168614544,9.22
"Scorched Earth - Live, 2005 Leverkusen",Scorched Earth,1,1,2.2679936482244267,9.17
Giant,Giant,1,1,2.259677591982769,9.15
Firth of Fifth - 2007 Stereo Mix,Firth of Fifth,1,1,2.253394848803274,9.13
Sound Chaser - 2003 Remaster,Sound Chaser,1,1,2.2438960966453663,9.11
Blackbird - Remastered 2009,Blackbird,2,2,0.8372475245337022,9.09
The Vanilla Queen,The Vanilla Queen,1,1,2.226783379577764,9.07
Eruption - Live,Eruption,1,1,2.226783379577764,9.07
True Faith - Shep Pettibone Remix,True Faith,1,1,2.201659174404085,9.0
True Faith - The Morning Sun Extended Remix,True Faith,1,1,2.199444334074532,9.0
In the Light - Remaster,In the Light,1,1,2.174751721484161,8.94
La conquista della posizione eretta,La conquista della posizione eretta,1,1,2.1644717908644115,8.91
In the Stable of the Sphinx,In the Stable of the Sphinx,1,1,2.1412419425852827,8.85
New Potato Caboose,New Potato Caboose,1,1,2.131796772013764,8.83
Blue Camel,Blue Camel,1,1,2.124653884501384,8.81
Sahara,Sahara,1,1,2.1174596088673567,8.79
And Your Bird Can Sing - Remastered 2009,And Your Bird Can Sing,2,2,0.6981347220709843,8.75
Main Sequence,Main Sequence,1,1,2.0992441689760155,8.75
Naima - Live In Stockholm / 1963,Naima,1,1,2.0906287310704004,8.73
Le pas du chat noir,Le pas du chat noir,1,1,2.0831845279586703,8.71
Pictures Of A City,Pictures Of A City,1,1,2.081938421878423,8.7
Policy of Truth - Capitol Mix,Policy of Truth,1,1,2.079441541679836,8.7
In The Wake Of Poseidon,In The Wake Of Poseidon,1,1,2.0731719286662407,8.68
La Corrente Delle Stelle,La Corrente Delle Stelle,1,1,2.069391205826334,8.67
Catfish Blues,Catfish Blues,1,1,2.052840859882657,8.63
"A Love Supreme, Pt. I – Acknowledgement","A Love Supreme, Pt. I – Acknowledgement",1,1,2.0425181875752383,8.61
Drive Home,Drive Home,1,1,2.030776369698555,8.58
"Every Bloody Emperor - Live, 2005 Leverkusen",Every Bloody Emperor,1,1,2.028148247292285,8.57
Shout! - Rio Mix,Shout!,1,1,2.0241930674493576,8.56
Sleepless (Tony Levin Mix),Sleepless (Tony Levin Mix),1,1,2.012232791986386,8.53
Sailor's Tale,Sailor's Tale,1,1,2.0135687975291283,8.53
Still Life - 2005 Digital Remaster,Still Life,1,1,2.002830439307996,8.51
Aurora,Aurora,1,1,2.004179057179289,8.51
In Trance,In Trance,1,1,2.002830439307996,8.51
Gatto Lupesco,Gatto Lupesco,1,1,2.0001277349601105,8.5
Oh Yeah,Oh Yeah,1,1,1.998773638612381,8.5
Suicidio - Remasterizado,Suicidio,1,1,1.9960599327407849,8.49
"Blue Monday '88 Dub - 12"" Version",Blue Monday '88 Dub,1,1,1.993338842626424,8.48
"A Love Supreme, Pt. II - Resolution","A Love Supreme, Pt. II",1,1,1.9878743481543453,8.47
Darkness - Sounds Of The 70s Session / 1971,Darkness,1,1,1.9878743481543453,8.47
Holding Me Up,Holding Me Up,1,1,1.9823798288367047,8.46
Sé de un lugar,Sé de un lugar,1,1,1.9671123567059163,8.42
Gentlemen Take Polaroids,Gentlemen Take Polaroids,1,1,1.9671123567059163,8.42
"Blue Monday ('88) - 12"" Version",Blue Monday ('88),1,1,1.9629077254238845,8.41
"The Undercover Man - Live, 2005 Leverkusen",The Undercover Man,1,1,1.9643112344262048,8.41
"A Love Supreme, Pt. IV - Psalm","A Love Supreme, Pt. IV",1,1,1.9530276168241771,8.38
La carrozza di Hans - Live in Lugano,La carrozza di Hans,1,1,1.9459101490553128,8.36
Living in Another World - 1997 Remaster,Living in Another World,1,1,1.9416152247724323,8.35
Ho Visto Anche Degli Zingari Felici - Intro; 2006 Digital Remastered,Ho Visto Anche Degli Zingari Felici,1,1,1.9329696377795784,8.33
Turn of the Century - Rehearsal,Turn of the Century,1,1,1.9329696377795784,8.33
Stretchy,Stretchy,1,1,1.925707441737794,8.31
"Round & Round - Kevin Saunderson 12"" Mix",Round & Round,1,1,1.918392120161421,8.3
Fulmini Globulari,Fulmini Globulari,1,1,1.912501086924184,8.28
Only In A Whisper,Only In A Whisper,1,1,1.908059924924216,8.27
Too Shy,Too Shy,2,1,1.3056264580524355,8.26
Nutty,Nutty,1,1,1.8931119634883424,8.23
Dinosaur,Dinosaur,1,1,1.891604804197771,8.23
"Thieves like Us - 12"" Extended",Thieves like Us,1,1,1.888583653863595,8.22
En el lago,En el lago,1,1,1.885553348514416,8.21
Impressioni di settembre - Live in Lugano,Impressioni di settembre,1,1,1.87640694328834,8.19
All That Before,All That Before,1,1,1.8702625307159984,8.18
Refugees - Remastered,Refugees,1,1,1.8594181177018696,8.15
Il respiro del tempo - Live in Lugano,Il respiro del tempo,1,1,1.8562979903656265,8.14
Portia,Portia,1,1,1.8468787684491343,8.12
Hang On Now - Extended Version,Hang On Now,1,1,1.8453002361560848,8.11
The Lemon Song - Remaster,The Lemon Song,1,1,1.843719208158766,8.11
Il Mito Dell'Amore - 2008 Remaster,Il Mito Dell'Amore,2,1,1.244154593958768,8.11
Nymphenburger,Nymphenburger,1,1,1.8341801851120072,8.09
Parallels - Rehearsal,Parallels,1,1,1.8373699804801076,8.09
Fine Time - Steve 'Silk' Hurley Remix,Fine Time,1,1,1.8341801851120072,8.09
Enjoy the Silence,Enjoy the Silence,1,1,1.8261608959453877,8.07
Obertura En Si Bemol - Remasterizado,Obertura En Si Bemol,1,1,1.8196988379172965,8.05
Breathing In Fumes,Breathing In Fumes,1,1,1.8082887711792652,8.02
The Solid Time of Change - Remix,The Solid Time of Change,1,1,1.803358605071407,8.01
"La Montaña, la Ciudad","La Montaña, la Ciudad",1,1,1.80005827204275,8.0
Shouldn't Do That - Undisciplined Mix,Shouldn't Do That,1,1,1.7967470107390942,7.99
"'Round Midnight (feat. Thelonious Monk, Zoot Sims, Gerry Mulligan, Percy Heath & Connie Kay) - Live at the Newport Jazz Festival, Newport, RI - July 1955","'Round Midnight (feat. Thelonious Monk, Zoot Sims, Gerry Mulligan, Percy Heath & Connie Kay)",1,1,1.790091412127358,7.98
It's No Good,It's No Good,1,1,1.7884205679625405,7.97
Madrid,Madrid,1,1,1.7850704810772584,7.96
Villes invisibles,Villes invisibles,1,1,1.7850704810772584,7.96
Caravan,Caravan,1,1,1.7817091333745536,7.95
Higher Love,Higher Love,1,1,1.7817091333745536,7.95
Academic,Academic,1,1,1.776645831418007,7.94
World in Motion - Carabinieri Mix,World in Motion,1,1,1.7749523509116738,7.94
Si Dice Che I Delfini Parlino,Si Dice Che I Delfini Parlino,1,1,1.7732559976634952,7.93
People,People,1,1,1.7732559976634952,7.93
Theme For Great Cities,Theme For Great Cities,1,1,1.7681496035889213,7.92
The Final Reel,The Final Reel,1,1,1.7613002617433464,7.9
Turnaround Situation,Turnaround Situation,1,1,1.7595805708638197,7.9
L'Ignoto,L'Ignoto,1,1,1.7578579175523736,7.89
Chasin' The Trane - Live In Stockholm / 1963,Chasin' The Trane,1,1,1.7509374747078,7.88
Impressioni di Settembre,Impressioni di Settembre,1,1,1.747459210331475,7.87
I Get Up I Get Down - Remix,I Get Up I Get Down,1,1,1.749199854809259,7.87
Sherpa,Sherpa,1,1,1.7439688053917064,7.86
Sunhair,Sunhair,1,1,1.7439688053917064,7.86
Orange,Orange,1,1,1.7369512327330598,7.84
Singularity,Singularity,1,1,1.7263316639055997,7.82
The Gospel,The Gospel,1,1,1.7227665977411035,7.81
Such a Shame - 1997 Remaster,Such a Shame,1,1,1.7209792871670078,7.8
Dear Mr. Fantasy,Dear Mr. Fantasy,1,1,1.717395053939193,7.79
You Might Recall,You Might Recall,1,1,1.7101878155342434,7.78
Il banchetto - Live in Lugano,Il banchetto,1,1,1.713797927758343,7.78
La Bomba (Stop Apartheid World-Wide),La Bomba (Stop Apartheid World-Wide),1,1,1.7047480922384253,7.76
Winter - Remastered,Winter,1,1,1.7029282555214391,7.76
Una Dolcezza Nuova,Una Dolcezza Nuova,1,1,1.7011051009599245,7.75
Restless,Restless,1,1,1.6992786164338898,7.75
Chewier,Chewier,1,1,1.6956156086751528,7.74
Per un amico,Per un amico,1,1,1.6863989535702288,7.72
Il giro del cappio,Il giro del cappio,1,1,1.682688374173693,7.71
Theme One - Sounds Of The 70s Session / 1971,Theme One,2,1,1.0818051703517284,7.7
Cat's Eye/Yellow Fever (Running),Cat's Eye/Yellow Fever (Running),1,1,1.6752256529721037,7.69
Snake Oil,Snake Oil,1,1,1.6752256529721037,7.69
Rhayader Goes To Town - Remastered 2023,Rhayader Goes To Town,1,1,1.6752256529721037,7.69
Box of Rain - 2013 Remaster,Box of Rain,1,1,1.6714733033535532,7.68
Moby Dick,Moby Dick,1,1,1.673351238177753,7.68
Fly On the Windscreen (Final),Fly On the Windscreen (Final),1,1,1.6695918352538477,7.67
Land of Milk and Money,Land of Milk and Money,1,1,1.6639260977181702,7.66
I Get Wild / Wild Gravity - 2005 Remaster,I Get Wild / Wild Gravity,1,1,1.6639260977181702,7.66
Let It Loose,Let It Loose,1,1,1.665818245870208,7.66
Hearts on Fire,Hearts on Fire,1,1,1.6582280766035324,7.65
Drive (Grundfunken),Drive (Grundfunken),1,1,1.6544112780768316,7.64
Remembering,Remembering,1,1,1.6563214983329508,7.64
"Buonanotte, Sogni D'Oro","Buonanotte, Sogni D'Oro",1,1,1.6505798557652755,7.63
Senza Riguardo,Senza Riguardo,1,1,1.6524974018945473,7.63
Paradise Walk,Paradise Walk,1,1,1.6467336971777973,7.62
Libero pensatore,Libero pensatore,1,1,1.6486586255873816,7.62
Who Knows Where The Time Goes?,Who Knows Where The Time Goes?,1,1,1.6428726885203375,7.61
Dolphin Smile,Dolphin Smile,1,1,1.6370530794670737,7.59
Going for the One - Rehearsal,Going for the One,1,1,1.6351056591826785,7.59
Non mi rompete,Non mi rompete,1,1,1.6331544390514163,7.58
Garofano Rosso,Garofano Rosso,1,1,1.631199404215613,7.58
The Gift Of Love - Demo,The Gift Of Love,1,1,1.6272778305624314,7.57
Dänzing,Dänzing,1,1,1.62924053973028,7.57
Polvere,Polvere,1,1,1.623340817603092,7.56
The Pin Drop,The Pin Drop,1,1,1.6213664832993742,7.55
Azalea,Azalea,1,1,1.6193882432872684,7.55
I Don't Believe in You - 1997 Remaster,I Don't Believe in You,1,1,1.6174060820832772,7.54
Discipline,Discipline,1,1,1.6174060820832772,7.54
W - First Version / Remastered 2021,W,1,1,1.615419984111648,7.54
Crawling King Snake,Crawling King Snake,1,1,1.6054298910365616,7.51
Masâr,Masâr,1,1,1.599387576580599,7.5
La Quiete Che Verra',La Quiete Che Verra',1,1,1.5973653311998313,7.49
To The Moment - Demo,To The Moment,1,1,1.5953389880545987,7.49
L'Ombra Della Luce - Remastered,L'Ombra Della Luce,1,1,1.5871923034867803,7.47
Dancing With Mr. D,Dancing With Mr. D,1,1,1.5830939370944983,7.46
Drop Dead,Drop Dead,1,1,1.5851452198650555,7.46
Wave Mother,Wave Mother,1,1,1.5851452198650555,7.46
The Lamb Lies Down on Broadway - 2025 Remaster,The Lamb Lies Down on Broadway,1,1,1.5810384379124025,7.45
Supermarket,Supermarket,1,1,1.5810384379124025,7.45
Salt Of The Earth - 50th Anniversary Edition,Salt Of The Earth,1,1,1.574846467664481,7.44
Astrakan Café - 2,Astrakan Café,1,1,1.572773928062509,7.43
Quiet Life,Quiet Life,1,1,1.572773928062509,7.43
On the Shoreline,On the Shoreline,1,1,1.572773928062509,7.43
Angle Of Incidents - Remastered 2021,Angle Of Incidents,1,1,1.5665304114228238,7.42
We Are Glass,We Are Glass,1,1,1.5665304114228238,7.42
Lifetime,Lifetime,1,1,1.5644405465033646,7.41
The Last High,The Last High,1,1,1.5644405465033646,7.41
While My Guitar Gently Weeps - Remastered 2009,While My Guitar Gently Weeps,1,1,1.55814461804655,7.4
The Man You Always Wanted Me To Be - Demo,The Man You Always Wanted Me To Be,1,1,1.55814461804655,7.4
Recuerdos de una noche - En directo 1975,Recuerdos de una noche,1,1,1.5539252025038417,7.38
Fine Time - 2015 Remaster,Fine Time,1,1,1.5539252025038417,7.38
Taxi,Taxi,1,1,1.5496879080283263,7.37
And Then I Dreamt of Yes,And Then I Dreamt of Yes,1,1,1.5496879080283263,7.37
Vevey (Revisited) - 2003 Remaster,Vevey (Revisited),1,1,1.547562508716013,7.37
Run Through the Light,Run Through the Light,1,1,1.5496879080283263,7.37
Recuerdos de una noche,Recuerdos de una noche,1,1,1.5496879080283263,7.37
Nel Cielo E Nelle Altre Cose Mute (Do Largo) - Remastered 2022,Nel Cielo E Nelle Altre Cose Mute (Do Largo),1,1,1.5432981099295553,7.36
Sono Un Dio,Sono Un Dio,1,1,1.5390154481375546,7.35
The Habit Of The Broken Heart - 2005 Digital Remaster,The Habit Of The Broken Heart,1,1,1.5390154481375546,7.35
VROOOM,VROOOM,1,1,1.5325568680981427,7.33
Walking On Air,Walking On Air,1,1,1.5325568680981427,7.33
Cadence and Cascade,Cadence and Cascade,1,1,1.5325568680981427,7.33
Buone notizie,Buone notizie,1,1,1.5282278570085572,7.32
Fino Alla Mia Porta,Fino Alla Mia Porta,1,1,1.5282278570085572,7.32
We Love You,We Love You,1,1,1.5260563034950492,7.32
W - New Stereo Mix 2021,W,1,1,1.5260563034950492,7.32
I Am The Walrus - Remastered 2009,I Am The Walrus,1,1,1.5260563034950492,7.32
Only When I Lose Myself - Single Version,Only When I Lose Myself,1,1,1.5195132049061133,7.3
Take Another View,Take Another View,1,1,1.5195132049061133,7.3
Houses in Motion - 2005 Remaster,Houses in Motion,1,1,1.5151272329628591,7.29
Fisiognomica - 2008 Remaster,Fisiognomica,1,1,1.5129270120532563,7.28
L'elefante bianco,L'elefante bianco,1,1,1.5129270120532563,7.28
Boys Better,Boys Better,1,1,1.5107219394949427,7.28
Lotus,Lotus,1,1,1.5107219394949427,7.28
Diálogo,Diálogo,1,1,1.5085119938441398,7.27
Gimme Shelter,Gimme Shelter,1,1,1.506297153514587,7.27
Halo,Halo,1,1,1.5040773967762742,7.26
"Love, In Itself","Love, In Itself",1,1,1.4996230464268938,7.25
W - 2000 Digital Remaster,W,1,1,1.4973884086254774,7.24
W - Remastered 2021,W,1,1,1.4951487660319729,7.24
Un amore maledetto,Un amore maledetto,1,1,1.4951487660319729,7.24
Don't Take No For An Answer - Demo,Don't Take No For An Answer,1,1,1.4929040961781488,7.23
Ecstacy - 2015 Remaster,Ecstacy,1,1,1.4883995840570443,7.22
Nomadi - Remastered,Nomadi,1,1,1.4883995840570443,7.22
Transumanza - Italian version,Transumanza,2,2,0.0861776962410524,7.22
The Voice,The Voice,1,1,1.483874689458755,7.21
Loving Cup,Loving Cup,1,1,1.4816045409242156,7.2
To The Moment - Single Mix,To The Moment,1,1,1.47932922708708,7.2
Tu frialdad,Tu frialdad,1,1,1.47932922708708,7.2
Freelove - DJ Muggs Remix,Freelove,1,1,1.47932922708708,7.2
"Wait - From ""To Live And Die In L.A."" Soundtrack",Wait,1,1,1.4770487243883548,7.19
Up Patriots To Arms,Up Patriots To Arms,1,1,1.4747630091074988,7.19
When The Whip Comes Down - Remastered,When The Whip Comes Down,1,1,1.4701758451005926,7.18
Shock In My Town - Live In Roma 2016,Shock In My Town,1,1,1.4678743481123135,7.17
Love Comes Quickly - 2018 Remaster,Love Comes Quickly,1,1,1.463255402256019,7.16
Rocket Boy,Rocket Boy,1,1,1.4655675420143983,7.16
Bist Du Bei Mir,Bist Du Bei Mir,1,1,1.4655675420143983,7.16
La volpe,La volpe,1,1,1.463255402256019,7.16
Frayo,Frayo,1,1,1.4609379041156565,7.15
I'd Like To Help You With Your Problem,I'd Like To Help You With Your Problem,1,1,1.4586150226995167,7.15
Styggo,Styggo,1,1,1.4609379041156565,7.15
The Poet,The Poet,1,1,1.4562867329399256,7.14
Torn And Frayed,Torn And Frayed,1,1,1.4562867329399256,7.14
Such a Shame,Such a Shame,1,1,1.4562867329399256,7.14
Shine A Light,Shine A Light,1,1,1.4539530095937054,7.13
From the Beginning,From the Beginning,1,1,1.451613827240533,7.13
L'Era Del Cinghiale Bianco - 2008 Remaster,L'Era Del Cinghiale Bianco,1,1,1.4539530095937054,7.13
Notte kamikaze,Notte kamikaze,1,1,1.449269160281279,7.12
Rats - Remastered,Rats,1,1,1.4469189829363254,7.12
Cuccurucucù - Remastered 2021,Cuccurucucù,1,1,1.4445632692438664,7.11
Hide Your Love - Remastered,Hide Your Love,1,1,1.4350845252893227,7.09
True Faith - 2015 Remaster,True Faith,1,1,1.4350845252893227,7.09
B'Boom,B'Boom,1,1,1.43746264769429,7.09
Dove arriva quel cespuglio,Dove arriva quel cespuglio,1,1,1.4350845252893227,7.09
Cities,Cities,1,1,1.42791603581071,7.07
I Know What I Like (In Your Wardrobe) - 2007 Stereo Mix,I Know What I Like (In Your Wardrobe),1,1,1.42791603581071,7.07
Tears,Tears,1,1,1.4182774069729414,7.05
Peaches,Peaches,1,1,1.415853163361435,7.04
Dreaming Of The Same Thing,Dreaming Of The Same Thing,1,1,1.4134230285081433,7.03
Gli Uccelli - Mix 2015,Gli Uccelli,1,1,1.4085449700547104,7.02
Tohogd,Tohogd,1,1,1.4060969884160703,7.02
Il Potere Del Canto,Il Potere Del Canto,1,1,1.4036429994545037,7.01
"Turn Your Back on Me - 7"" Version",Turn Your Back on Me,1,1,1.396244691973059,6.99
The Wind,The Wind,1,1,1.3912819026309295,6.98
Slippery People - Live,Slippery People,1,1,1.3912819026309295,6.98
The Great Deceiver,The Great Deceiver,1,1,1.3937663759585917,6.98
Tao - 2008 Remaster,Tao,1,1,1.3937663759585917,6.98
The Eternal Olive Tree,The Eternal Olive Tree,1,1,1.3862943611198906,6.97
Resaca del Amanecer,Resaca del Amanecer,1,1,1.3887912413184778,6.97
Luminosa mañana,Luminosa mañana,1,1,1.3887912413184778,6.97
Delenda Carthago - 2008 Remaster,Delenda Carthago,1,1,1.3812818192963463,6.95
THRAK,THRAK,1,1,1.3812818192963463,6.95
Space Cadet,Space Cadet,1,1,1.3787660946990992,6.95
Three Blind Mice,Three Blind Mice,2,2,-0.0202027073175194,6.95
Euphoria,Euphoria,1,1,1.3762440252663892,6.94
Turn Your Back On Me - Thompson & Barbiero US Mix,Turn Your Back On Me,1,1,1.3737155789130306,6.93
Sit Down & Shut Up,Sit Down & Shut Up,1,1,1.366091653802371,6.92
The Boat Of Millions Of Years - Remastered 2005,The Boat Of Millions Of Years,1,1,1.3635373739972745,6.91
La quiete dopo un addio,La quiete dopo un addio,1,1,1.3609765531356006,6.9
Interference Patterns,Interference Patterns,1,1,1.355835153635182,6.89
Rhythm-A-Ning,Rhythm-A-Ning,1,1,1.355835153635182,6.89
Paradise,Paradise,1,1,1.355835153635182,6.89
Paradise - 2024 Digital Master,Paradise,1,1,1.3506671834767394,6.88
The American,The American,1,1,1.3506671834767394,6.88
Nine Cats,Nine Cats,1,1,1.3506671834767394,6.88
E Ti Vengo A Cercare - Remastered 2008,E Ti Vengo A Cercare,1,1,1.3532545070416904,6.88
Weirdo,Weirdo,1,1,1.3532545070416904,6.88
Sabor A Mi,Sabor A Mi,1,1,1.3480731482996928,6.87
Brown Sugar,Brown Sugar,1,1,1.3402504226184837,6.85
Be Alright,Be Alright,1,1,1.3402504226184837,6.85
Sui Giardini Della Preesistenza - 2008 Remaster,Sui Giardini Della Preesistenza,1,1,1.3376291891386096,6.84
Teacher - Single Mix; 2001 Remaster,Teacher,1,1,1.332366019094335,6.83
"Volver, Volver - Live, 1987","Volver, Volver",1,1,1.3297240096314962,6.82
As It Is When It Was - 2024 Digital Master,As It Is When It Was,1,1,1.3270750014599193,6.82
Cuando Era Joven,Cuando Era Joven,1,1,1.3190856114264409,6.8
Love Is a Stranger - 2005 Remaster,Love Is a Stranger,1,1,1.3217558399823195,6.8
New Life,New Life,1,1,1.3190856114264409,6.8
The Legend of the Outlaw Truckers Aka the Ballad of Sheriff Shorty,The Legend of the Outlaw Truckers Aka the Ballad of Sheriff Shorty,1,1,1.316408233655724,6.79
Sarcofagia,Sarcofagia,1,1,1.3110318766193438,6.78
What Ever You Want,What Ever You Want,1,1,1.3137236682850553,6.78
Claudine,Claudine,1,1,1.308332819650179,6.77
Everyone Is Totally Insane,Everyone Is Totally Insane,1,1,1.3056264580524355,6.76
Good Life,Good Life,1,1,1.3056264580524355,6.76
You Are Killing Me,You Are Killing Me,1,1,1.3056264580524355,6.76
Stage Door,Stage Door,1,1,1.297463147413275,6.74
Bungle in the Jungle,Bungle in the Jungle,1,1,1.2864740258376797,6.72
Bitch - 2009 Mix,Bitch,1,1,1.2864740258376797,6.72
Never Let Go - Single Version / Remastered 2023,Never Let Go,1,1,1.2837077723447896,6.71
Highly Strung,Highly Strung,1,1,1.2809338454620642,6.7
Frutto Acerbo - Remastered 2023,Frutto Acerbo,1,1,1.2781522025001877,6.7
Testamento,Testamento,1,1,1.2781522025001877,6.7
Un Irresistibile Richiamo,Un Irresistibile Richiamo,1,1,1.2781522025001877,6.7
Domo Dozo,Domo Dozo,1,1,1.2809338454620642,6.7
Personalità Empirica,Personalità Empirica,1,1,1.2725655957915476,6.68
Campi di Fragole,Campi di Fragole,1,1,1.2725655957915476,6.68
These Foolish Things (Remind Me Of You),These Foolish Things (Remind Me Of You),1,1,1.2725655957915476,6.68
Luna Indiana - 2008 Remaster,Luna Indiana,1,1,1.2725655957915476,6.68
Rocky Raccoon - Remastered 2009,Rocky Raccoon,1,1,1.2669476034873244,6.67
Westin Too Sy (feat. Smith),Westin Too Sy (feat. Smith),1,1,1.269760544863939,6.67
Zone Depresse - 2008 Remaster,Zone Depresse,1,1,1.2669476034873244,6.67
Live With Me,Live With Me,1,1,1.2669476034873244,6.67
Rain,Rain,1,1,1.2669476034873244,6.67
Risveglio Di Primavera - 2008 Remaster,Risveglio Di Primavera,1,1,1.264126727145683,6.66
"Let's Say Goodnight - Live at the Hollywood Palladium, 1987",Let's Say Goodnight,1,1,1.2556160374777745,6.64
Everything Happens To Me (Take 3),Everything Happens To Me (Take 3),1,1,1.252762968495368,6.63
Lontananze D'Azzurro,Lontananze D'Azzurro,1,1,1.247032293786383,6.62
Bird on the Wire,Bird on the Wire,1,1,1.247032293786383,6.62
Hot Potatoes,Hot Potatoes,1,1,1.247032293786383,6.62
Ed ora io domando tempo al tempo ed egli mi risponde...non ne ho!,Ed ora io domando tempo al tempo ed egli mi risponde...non ne ho!,1,1,1.249901736214336,6.62
Veni L'Autunnu - 2008 Remaster,Veni L'Autunnu,1,1,1.2412685890696329,6.6
Personal Jesus - Acoustic,Personal Jesus,1,1,1.2383742310432684,6.6
Doo Doo Doo Doo Doo (Heartbreaker),Doo Doo Doo Doo Doo (Heartbreaker),1,1,1.235471471385307,6.59
Please Be With Me,Please Be With Me,1,1,1.235471471385307,6.59
Cogli la prima mela,Cogli la prima mela,1,1,1.229640551074514,6.57
Sister Golden Hair,Sister Golden Hair,1,1,1.2267122912954254,6.57
Turtles Have Short Legs,Turtles Have Short Legs,1,1,1.229640551074514,6.57
Ni Chicha Ni Limoná,Ni Chicha Ni Limoná,1,1,1.2267122912954254,6.57
Reptile,Reptile,1,1,1.229640551074514,6.57
Hang on Now,Hang on Now,1,1,1.220829921392359,6.55
"Oh Well, Pt. 1 - 2013 Remaster","Oh Well, Pt. 1",1,1,1.2149127443642704,6.54
Paperlate,Paperlate,1,1,1.2149127443642704,6.54
Two Hands,Two Hands,1,1,1.2178757094949273,6.54
"Paint It, Black","Paint It, Black",1,1,1.2149127443642704,6.54
Scherzo in minore,Scherzo in minore,1,1,1.2119409739751128,6.53
Change Is Now - Single Version,Change Is Now,1,1,1.208960345836975,6.52
E Mi Viene Da Pensare,E Mi Viene Da Pensare,1,1,1.205970806988609,6.51
San Franciscan Nights,San Franciscan Nights,1,1,1.199964782928397,6.5
Silver Eagle - Live,Silver Eagle,1,1,1.199964782928397,6.5
Sugar Magnolia - 2013 Remaster,Sugar Magnolia,1,1,1.199964782928397,6.5
The Summer Of Hate,The Summer Of Hate,1,1,1.1939224684724346,6.48
I Giorni Della Monotonia,I Giorni Della Monotonia,1,1,1.1878434223960523,6.47
Secondo Imbrunire - 2008 Remaster,Secondo Imbrunire,1,1,1.1878434223960523,6.47
Crazy,Crazy,1,1,1.175573329804238,6.44
Light Flight,Light Flight,1,1,1.175573329804238,6.44
Waterloo Sunset,Waterloo Sunset,1,1,1.175573329804238,6.44
Theme One - Original Mix,Theme One,1,1,1.175573329804238,6.44
No Time No Space,No Time No Space,1,1,1.172482137234565,6.43
Vision - Sounds Of The 70s Session / 1971,Vision,1,1,1.172482137234565,6.43
Vegetable,Vegetable,1,1,1.1662709371419244,6.42
Not If You Were The Last Junkie On Earth,Not If You Were The Last Junkie On Earth,1,1,1.1631508098056809,6.41
Hard Monkeys - 2004 Remaster,Hard Monkeys,1,1,1.1600209167967532,6.4
Dog's Life,Dog's Life,1,1,1.1600209167967532,6.4
Red Frame / White Light - Remastered 2019,Red Frame / White Light,1,1,1.1568811967920856,6.39
Albatross,Albatross,1,1,1.1537315878891892,6.38
Child Of The Moon,Child Of The Moon,1,1,1.1505720275988207,6.38
Janis - Remastered,Janis,1,1,1.1474024528375415,6.37
Now You'll Love Me,Now You'll Love Me,1,1,1.1474024528375415,6.37
New Country,New Country,1,1,1.144222799920162,6.36
High And Dry,High And Dry,1,1,1.1410330045520618,6.35
The Under Assistant West Coast Promotion Man - Edit / Mono,The Under Assistant West Coast Promotion Man,1,1,1.1410330045520618,6.35
"Me, I Disconnect from You - Live","Me, I Disconnect from You",1,1,1.1346227261911428,6.34
Il Banchetto - Live In Japan 2002,Il Banchetto,1,1,1.1378330018213911,6.34
Seduto sotto un platano,Seduto sotto un platano,1,1,1.1378330018213911,6.34
Rose Fragrance,Rose Fragrance,1,1,1.1249295969854831,6.31
Era D'Estate - Remastered 2019,Era D'Estate,1,1,1.1216775615991057,6.3
Oceans,Oceans,1,1,1.118414915964289,6.3
Off Minor - Rudy Van Gelder 24-Bit Mastering / 1998 Digital Remaster,Off Minor,1,1,1.1151415906193205,6.29
Mondi paralleli - Live in Lugano,Mondi paralleli,1,1,1.1118575154181305,6.28
Suburban Eyes - Rudy Van Gelder 24-Bit Mastering / 2001 Digital Remaster,Suburban Eyes,1,1,1.1118575154181305,6.28
Animal Farm - 2018 Stereo Remaster,Animal Farm,1,1,1.1085626195212777,6.27
Penny Lane,Penny Lane,1,1,1.1085626195212777,6.27
Ornithology,Ornithology,1,1,1.1085626195212777,6.27
Theme 1,Theme 1,1,1,1.1052568313867783,6.26
Sweet And Lovely (Take 2),Sweet And Lovely (Take 2),1,1,1.1019400787607845,6.25
Objects Outlive Us: Cosmic Sons of Toil,Objects Outlive Us: Cosmic Sons of Toil,1,1,1.0986122886681098,6.25
Sketch for Summer,Sketch for Summer,1,1,1.0885619528146082,6.22
Love → Building on Fire - 2004 Remaster,Love → Building on Fire,1,1,1.0885619528146082,6.22
Theme One - Remastered 2021,Theme One,1,1,1.0784095813505905,6.2
Cotton Fields,Cotton Fields,1,1,1.0818051703517284,6.2
Book Of Saturday,Book Of Saturday,1,1,1.075002423028976,6.19
Il Vecchio E La Farfalla,Il Vecchio E La Farfalla,1,1,1.0715836162801904,6.18
Monkey Gone to Heaven,Monkey Gone to Heaven,1,1,1.0715836162801904,6.18
Savoy Truffle - Remastered 2009,Savoy Truffle,1,1,1.0681530811834012,6.17
Canción Al Árbol Del Olvido,Canción Al Árbol Del Olvido,1,1,1.0543120297715298,6.14
You Got The Silver - Remastered 2019,You Got The Silver,1,1,1.0473189942805592,6.12
Citadel - Remastered 2017 / Stereo,Citadel,1,1,1.0473189942805592,6.12
You Got The Silver,You Got The Silver,1,1,1.043804052173115,6.11
Clockout,Clockout,1,1,1.0260415958332745,6.07
The Bird - Remastered,The Bird,1,1,1.0152306797290584,6.04
Dragonfly,Dragonfly,1,1,1.0152306797290584,6.04
Wiggly World,Wiggly World,1,1,1.01160091167848,6.03
Here We Go Round The Mulberry Bush - Stereo Version,Here We Go Round The Mulberry Bush,1,1,0.9932517730102834,5.98
La Feria De La Flores,La Feria De La Flores,1,1,0.9858167945227654,5.96
Coda Marine 475,Coda Marine 475,1,1,0.9858167945227654,5.96
Paper - 2005 Remaster,Paper,1,1,0.9707789171582248,5.93
Empty Heart,Empty Heart,1,1,0.9631743177730056,5.91
Birds,Birds,1,1,0.9400072584914712,5.85
Montreux's Theme - 2003 Remaster,Montreux's Theme,1,1,0.9400072584914712,5.85
Asylum,Asylum,1,1,0.9282193027394288,5.82
Amazing Grace - 2003 Remaster,Amazing Grace,1,1,0.9282193027394288,5.82
Elanoizan,Elanoizan,1,1,0.924258901523332,5.81
"The Farmer's Daughter - Live 1980, Santa Monica, CA",The Farmer's Daughter,1,1,0.904218150639886,5.76
"Amore Che Vieni, Amore Che Val","Amore Che Vieni, Amore Che Val",1,1,0.9001613499442714,5.75
Prologo,Prologo,1,1,0.8919980393051105,5.73
Exit,Exit,1,1,0.8919980393051105,5.73
Notturno Breve,Notturno Breve,1,1,0.883767540168595,5.71
Allegro,Allegro,1,1,0.8754687373538999,5.69
Total Mass Retain - Remix,Total Mass Retain,1,1,0.8754687373538999,5.69
The Singer Not The Song - Mono Version,The Singer Not The Song,1,1,0.8628899551470398,5.66
Route 66,Route 66,1,1,0.85015092936961,5.63
El Cuchipe,El Cuchipe,1,1,0.8458682675776092,5.61
Surfin' Bird,Surfin' Bird,1,1,0.8285518175661483,5.57
The Duke Of Prunes,The Duke Of Prunes,1,1,0.7975071958841882,5.49
The Golden Road - 2013 Remaster,The Golden Road,1,1,0.7929925155296614,5.48
Updraft - Demo,Updraft,1,1,0.7793248768009977,5.45
Vegetables - Remastered 2001,Vegetables,1,1,0.7701082216960737,5.43
Connection,Connection,1,1,0.7561219797213337,5.39
Norwegian Wood (This Bird Has Flown) - Remastered 2009,Norwegian Wood (This Bird Has Flown),1,1,0.7323678937132266,5.33
Todo es de color,Todo es de color,1,1,0.7275486072772777,5.32
Traccia,Traccia,1,1,0.7275486072772777,5.32
Piggies - Remastered 2009,Piggies,1,1,0.7275486072772777,5.32
Rosemary - 2013 Remaster,Rosemary,1,1,0.6931471805599453,5.23
Peace - An End,Peace,1,1,0.6626879730752367,5.16
KD,KD,1,1,0.6523251860396901,5.13
The Dandy Warhols Love Almost Everyone,The Dandy Warhols Love Almost Everyone,1,1,0.6418538861723947,5.1
Birds In My Tree,Birds In My Tree,1,1,0.6418538861723947,5.1
An Oscar For Treadwell - Incomplete 411-1,An Oscar For Treadwell,1,1,0.636576829071551,5.09
Pea,Pea,1,1,0.5822156198526637,4.96
Inner Garden I,Inner Garden I,1,1,0.5822156198526637,4.96
November,November,1,1,0.5423242908253617,4.86
Ponker's Theme,Ponker's Theme,1,1,0.3852624007906449,4.46
Ponker's Theme - Remastered 2021,Ponker's Theme,1,1,0.371563556432483,4.43
Man in a White Car - LP/Single Version,Man in a White Car,1,1,0.3001045924503381,4.25
Inner Garden II,Inner Garden II,1,1,0.2390169004704999,4.1
Devo Corporate Anthem,Devo Corporate Anthem,1,1,0.2390169004704999,4.1
Peace - A Theme,Peace,1,1,0.2231435513142097,4.06
"Introduction - Live In Juan-les-Pins, France/1965",Introduction,1,1,0.2070141693843261,4.02
Timing X,Timing X,1,1,0.1739533071234379,3.93
Vier ½,Vier ½,1,1,0.0198026272961797,3.55
The Battle Of The Locusts,The Battle Of The Locusts,1,1,-0.0725706928348353,3.32
Peace - A Beginning,Peace,1,1,-0.1863295781914934,3.03
Intro,Intro,1,1,-0.579818495252942,2.05
