track_id,album_id,artist_id,track,artist,album_name,played_at,duration_ms
73RVbX3YhvDYTSyrzKguSi,2U4JHXMiBxsKH4dnYEQg2g,7AC976RDJzL2asmZuz7qil,Parallels - 2003 Remaster,Yes,Going for the One (Deluxe Edition),2026-05-01T21:58:27,353906
2cTfzU2iNMI9aZSPOL3mYx,6ELt0QaMOwPGPzfdEXE839,7M1FPw29m5FbicYzS2xdpi,Larks' Tongues In Aspic (Part I),King Crimson,Larks' Tongues In Aspic (Expanded & Remastered Original Album Mix),2026-05-01T21:50:30,815675
43IYZ1zQpbXXWhGQEgjAjb,7isYifHXAT7wbuxbJziBG3,2LIdnZDzySb04oH40be1fR,Who Knows Where The Time Goes?,Fairport Convention,Unhalfbricking,2026-05-01T21:32:42,310173
5qmlexKxaI31MvFhObUCZm,68W3ppXWhsOLOURmxzRkyA,7M1FPw29m5FbicYzS2xdpi,The Devils Triangle,King Crimson,In The Wake Of Poseidon,2026-05-01T21:27:27,697023
6yhGgwT0IxUt5yG19GDKn0,4tPuH2J8xL4JU91QFTWDUJ,0sihhSAp2JQBQ2oqapkVxV,In Principio,Logos,L'enigma Della Vita,2026-05-01T21:12:15,687373
4UhB17vQsTP0qM9grc4ZUi,6wDCNTOXnKI8E4WrsdeJH9,1CD77o9fbdyQFrHnUPUEsF,Empty Pages - Remastered 2010,Traffic,John Barleycorn Must Die Deluxe Edition,2026-05-01T21:09:30,274680
4SoykGLnLQPgQUkrKQxNYq,5UI2X5VAmgu9xrlXDd5U7B,1PCZpxHJz7WAMF8EEq8bfc,Change Is Now - Single Version,The Byrds,The Notorious Byrd Brothers,2026-05-01T21:05:01,201266
1rw12PalmC8IDoygHT3fm1,1VHLlFuKZYLVhnLanVzJxF,0nCiidE5GgDrc5kWN3NZgZ,From the Beginning,"Emerson, Lake & Palmer",Trilogy,2026-05-01T20:55:01,256333
4ZCK0R2BRtXxHH8Fb1vq2n,2WO6VIu5x3rMXWcMzH36jl,3Uz6jx81OY2J5K8Z4wmy2P,Never Let Go - Single Version / Remastered 2023,Camel,Camel (Expanded Edition),2026-05-01T20:48:30,216733
4NAP1NmknfmMkKuDi4fhxI,1uXol4dKqzMsUiqvHpwhZh,7AC976RDJzL2asmZuz7qil,Siberian Khatru - 2025 Remaster,Yes,Close to the Edge (Super Deluxe Edition),2026-05-01T19:13:32,537373
0RymZK3n4wILiqOfQzzMsS,2fwr3utdlIdPX9cMjZ1QYW,1MD5pgVzlusqGyuSTcTxvu,Impressioni di Settembre,Premiata Forneria Marconi,Celebration 1972-2012,2026-05-01T18:41:46,344400
2ln1kC2KAxzr8d6pRkxWbq,093JGCJ5YMNGFnmsvR9WHt,7AC976RDJzL2asmZuz7qil,I Get Up I Get Down - Remix,Yes,The Steven Wilson Remixes,2026-05-01T18:36:16,344925
092Do4luuSxuhhdCAlH0vo,093JGCJ5YMNGFnmsvR9WHt,7AC976RDJzL2asmZuz7qil,Total Mass Retain - Remix,Yes,The Steven Wilson Remixes,2026-05-01T17:54:38,144171
5z0a7b6MXxCa2TAFrfCKNW,093JGCJ5YMNGFnmsvR9WHt,7AC976RDJzL2asmZuz7qil,The Solid Time of Change - Remix,Yes,The Steven Wilson Remixes,2026-05-01T17:52:09,364302
6mAQOxxt839lfifqME35Pe,1dbVSQR5jcw5rdngMyA3d8,7M1FPw29m5FbicYzS2xdpi,Discipline,King Crimson,The Condensed 21st Century Guide To King Crimson (1969 - 2003),2026-05-01T17:33:52,302613
0pVx93u0NdATyRJcqkKaqP,5mhHyVk0zf9jvqvx9w77c5,4lianjyuR1tqf6oUX8kjrZ,Il Ballo Del Potere,Franco Battiato,Gommalacca,2026-05-01T11:37:25,265413
50eMzYSsS35VhHAerXt2Wu,6vUUBFECAo0oLUWfjqmXtZ,1MD5pgVzlusqGyuSTcTxvu,Il Banchetto - Live In Japan 2002,Premiata Forneria Marconi,Live In Japan 2002,2026-05-01T10:37:02,187053
6rbLGESJIt0IdCWcrXtrFK,1Apj3GZ0D7l94CFA5qInjr,4RuYtHjAKBufQRqBUMiOfK,L'Evoluzione,Banco Del Mutuo Soccorso,Darwin (1991 Edition),2026-05-01T10:37:02,1006400
2rWEbA4iZyJ0jMthYmKkSs,1WeTsUeoyJBDYiqdoCtO8I,4RuYtHjAKBufQRqBUMiOfK,Fino Alla Mia Porta,Banco Del Mutuo Soccorso,Come in un'ultima cena,2026-05-01T10:37:02,276333
176RyR4Ac2kU0bEI4uycWs,0V7yj1nGYDsBjlMrsI5w5C,4RuYtHjAKBufQRqBUMiOfK,Traccia II,Banco Del Mutuo Soccorso,Io Sono Nato Libero,2026-05-01T10:37:02,159226
3UidBOm9Cl9N7tfLAtHHpo,1Apj3GZ0D7l94CFA5qInjr,4RuYtHjAKBufQRqBUMiOfK,La Conquista Della Posizione Eretta,Banco Del Mutuo Soccorso,Darwin (1991 Edition),2026-05-01T10:37:02,599293
5TjLHZ8tPECmCgR2LvlFWd,6JHd5ZgLC06c0Id5e2Vbz3,1MD5pgVzlusqGyuSTcTxvu,La grande Pasqua russa,Premiata Forneria Marconi,PFM in Classic - Da Mozart a Celebration,2026-05-01T10:37:02,437943
6wNZa5e5DVBwMbqB4uYuXp,0Ft1jEOyGY74ZgHb1FYO4U,4RuYtHjAKBufQRqBUMiOfK,750.000 anni fa... l'amore?,Banco Del Mutuo Soccorso,Darwin!,2026-05-01T10:37:02,338093
7l2Gh3fSaknNtzOxFuadeC,3gISC18IyM5W4fd3bVz9hk,1MD5pgVzlusqGyuSTcTxvu,Nuvole Nere,Premiata Forneria Marconi,Serendipity,2026-05-01T10:37:01,247133
3yllEGh0om4VrFThDlFXXY,7cLNFRklt2EupipdILxJc7,7nQZVqkaUxa3A62UJSisSB,Il giro del cappio,La coscienza di Zeno,La notte anche di giorno,2026-05-01T10:37:01,323053
2sG6kG8mEDaiv7AN0TJ310,0b33cACjsSPVBchGgsFGMu,4lianjyuR1tqf6oUX8kjrZ,Apparenza e realtà,Franco Battiato,Universi paralleli di Franco Battiato,2026-05-01T10:37:01,218880
0dkkRsEy6Td8ocFG1ACLsT,0V7yj1nGYDsBjlMrsI5w5C,4RuYtHjAKBufQRqBUMiOfK,Non mi rompete,Banco Del Mutuo Soccorso,Io Sono Nato Libero,2026-05-01T07:03:36,307106
5sR0z233pgvP2D7w39qCZe,7m6StTtrbnkaC6FkDVNnTe,2CqEOngQOOMstJupNn6Hmf,Drive (Grundfunken),NEU!,NEU!,2026-05-02T19:28:28,313626
4RMMYBTQ35CCRNx4nlAANq,7m6StTtrbnkaC6FkDVNnTe,2CqEOngQOOMstJupNn6Hmf,Crazy,NEU!,NEU!,2026-05-02T19:23:01,194226
3776wlNwK1mLH4ycuBNuWn,7m6StTtrbnkaC6FkDVNnTe,2CqEOngQOOMstJupNn6Hmf,Dänzing,NEU!,NEU!,2026-05-02T19:19:37,305946
2BqHy0cZJnERHLaDpX2jdy,7m6StTtrbnkaC6FkDVNnTe,2CqEOngQOOMstJupNn6Hmf,Intro,NEU!,NEU!,2026-05-02T19:16:53,33826
6eUnY12Nd9TVWlbBnFQRCw,6wI2sLcBmYzYQd9LFfkbhy,2CqEOngQOOMstJupNn6Hmf,Hallogallo,NEU!,NEU!,2026-05-02T19:16:34,607426
0Rumj64tAP1jhImDkzple6,3oUXNITVgUpdN2cUwH3hmS,0ifzzRKdmtgaHy9cfnnyCR,Focus II,Focus,Moving Waves,2026-05-02T19:06:35,243666
3FNgaN6nlCk8o3viucsVIL,0BOPrAV0Lk52MXS2d52uOO,0ifzzRKdmtgaHy9cfnnyCR,Janis - Remastered,Focus,Moving Waves (2020 Remastered Edition),2026-05-02T19:02:04,188893
1d6WoMWzq2YTfGxUP94Rgy,6vUUBFECAo0oLUWfjqmXtZ,1MD5pgVzlusqGyuSTcTxvu,Bandiera Bianca,Premiata Forneria Marconi,Live In Japan 2002,2026-05-02T18:59:04,241826
0lUBWPZWiGQEKNzayTCpxT,4RD4REp6RE2kVZ96Uf1TgB,4lianjyuR1tqf6oUX8kjrZ,Sequenze E Frequenze - Live 1988 / Remastered 2020,Franco Battiato,Giubbe Rosse (Deluxe 30th Anniversary Live & Remastered Edition / Remastered 2020),2026-05-02T18:53:03,425120
5FvRkKujcquFV4wma9QAfj,20dTbQRkxuOTkf3SFyaT2m,7M1FPw29m5FbicYzS2xdpi,Indiscipline,King Crimson,Discipline,2026-05-02T18:45:34,273000
2gK9dAy6TgeOYvdlspWbdU,0HoF3Ir1IYbIkvrxXrLGOB,7AC976RDJzL2asmZuz7qil,Into the Lens,Yes,Drama (Deluxe Edition),2026-05-02T18:40:37,512333
0TMKja08JBRFwkdpl9IpI3,1n6mujGDmusUYHfuFtZZvJ,02frazNrWgZCxUEf4UTfHt,Killer - Remastered 2021,Van Der Graaf Generator,"H To He, Who Am The Only One (Deluxe)",2026-05-02T18:13:59,498040
46dxvP1IF5TdcKG42GkDF4,4ttC4XUinZXn3GMIQNrjFZ,7M1FPw29m5FbicYzS2xdpi,The Night Watch,King Crimson,Starless And Bible Black,2026-05-02T18:05:28,281611
1JrNAxiq1o57wxuI9aX6KJ,1meW8yyx76RPZebO32VwrB,6w6z8m4WXX7Tub4Rb6Lu7R,Teacher - Single Mix; 2001 Remaster,Jethro Tull,Benefit,2026-05-02T18:00:02,227520
0KvGvUJAPTHtiyCtEnfXCm,6KUBy7zjq9mkKRR7CJSGBM,7K2LDhsZ8A4LKlLPPpcKFS,Nymphenburger,East Of Eden,Snafu,2026-05-02T17:33:15,375693
5TQ2pztJIwLEPrzuSIsBmF,2zYEcirgirihBtUr9ninD6,1SQRv42e4PjEYfPhS0Tk9E,Animal Farm - 2018 Stereo Remaster,The Kinks,The Kinks Are the Village Green Preservation Society,2026-05-02T17:26:45,181533
4JvjCMPpXVldRhM0mxheub,6DMU0YvLjgcpHddObNP8A6,7AC976RDJzL2asmZuz7qil,Don't Kill the Whale,Yes,Tormato (Deluxe Edition),2026-05-02T17:23:45,235866
7oITpghqeYM0RfRK17efLY,7F6dgfm0QnJvDAXux6spJq,1MD5pgVzlusqGyuSTcTxvu,Cyber Alpha,Premiata Forneria Marconi,Stati Di Immaginazione,2026-05-02T17:19:45,268146
5cpKDL7ArW8F2JtUk0wuQM,4YsXD5Zmj8wjmPzPzUEDZh,1iTlOqIrZy8DlvCPJY2sjS,The Vanilla Queen,Golden Earring,Moontan,2026-05-02T17:11:47,556293
2A3WfAbX9KHMQhewdpUiok,3OQX2EwYNN3FVKuUVLkVOL,5hlBb5u8K5D8yrL8jwZ7N9,Tu frialdad,Triana,Un Encuentro,2026-05-02T16:23:21,263506
7HDv9WfmLNinEJx8iZIE1m,659kn6tY6zC9jy56kzIW51,1CD77o9fbdyQFrHnUPUEsF,Dream Gerrard,Traffic,When The Eagle Flies,2026-05-02T15:56:13,662173
6K3q2FCBIIKcoKkmT6M6NL,3tYOO1SUShFTDag2iNbzlu,0ifzzRKdmtgaHy9cfnnyCR,Eruption - Live,Focus,vol huis (Live),2026-05-02T15:45:13,556495
4CRWWNAnZVmzyghvlFIGQm,0BD0bKRAFt8Z5q2NqCTPsN,3Uz6jx81OY2J5K8Z4wmy2P,Rhayader Goes To Town - Remastered 2023,Camel,The Snow Goose (2023 Remastered & Expanded Edition),2026-05-02T15:35:13,320133
7m6T2wUj2CWjKkMbv42ZEo,2bG4ZJ2X6pUwOqPgk7Mgrg,1SQRv42e4PjEYfPhS0Tk9E,Shangri-La (2019 Remaster),The Kinks,Arthur or the Decline and Fall of the British Empire (Deluxe),2026-05-02T15:30:13,320527
47sJPdCkjVfLJWBFhwJiuE,20dTbQRkxuOTkf3SFyaT2m,7M1FPw29m5FbicYzS2xdpi,The Sheltering Sky,King Crimson,Discipline,2026-05-02T15:24:43,502480
3RpQJrHPISBYkIYaoL4leS,4ttC4XUinZXn3GMIQNrjFZ,7M1FPw29m5FbicYzS2xdpi,Lament,King Crimson,Starless And Bible Black,2026-05-02T15:16:13,245318
5LP10C87Y5YnToBtwsxojk,7bJytEOVzTT0TIYfL18hU9,5A0MH7JfEBEMySevsmauds,Moon In June,Soft Machine,Third,2026-05-02T15:12:13,1147200
1650LUcd7pCPN6oLjUs3s7,2vqzKJO8HeMffaSHxg74ln,1BGN1IdyiSR0ZYrkoKNchl,Ricochet (Part One) - Live From Europe/1975 / 1995 Digital Remaster,Tangerine Dream,The Virgin Years: 1974-1978,2026-05-02T14:53:14,1017720
0GRBFjza23Im7Xb16c9AaK,0GqpoHJREPp0iuXK3HzrHk,36QJpDe2go2KgaRleHCDTp,No Quarter - Remaster,Led Zeppelin,Houses of the Holy (Remaster),2026-05-02T13:24:26,422517
2sG6kG8mEDaiv7AN0TJ310,0b33cACjsSPVBchGgsFGMu,4lianjyuR1tqf6oUX8kjrZ,Apparenza e realtà,Franco Battiato,Universi paralleli di Franco Battiato,2026-05-02T12:40:23,218880
702IsRAE5re0e7eBwf0LXl,1NeJ0QqKv002iYDiOCaUOA,1MD5pgVzlusqGyuSTcTxvu,Geranio,Premiata Forneria Marconi,Per Un Amico,2026-05-02T12:36:23,484000
54VkF8s3BevKAX0JSwuf0O,30OBaYcCeQ71rdVWSpbTgC,7B9i94mmRUGH35kAyuUEDD,Starship Trooper/ Wurm,"Anderson, Squire, Howe",Tales Of Future And Past,2026-05-02T12:27:53,741960
1qkp9OvCk8FjeDdEd2bKQ6,7M2EhhKnJYcmluPNzmB35N,4P70aqttdpJ9vuYFDmf7f6,Alpha,Vangelis,Albedo 0.39,2026-05-02T12:15:23,344293
6yhGgwT0IxUt5yG19GDKn0,4tPuH2J8xL4JU91QFTWDUJ,0sihhSAp2JQBQ2oqapkVxV,In Principio,Logos,L'enigma Della Vita,2026-05-02T12:09:04,687373
6aJpPH5jhRicPvPkoHkcuF,4Q7cPyiP8cMIlUEHAqeYfd,36QJpDe2go2KgaRleHCDTp,In the Light - Remaster,Led Zeppelin,Physical Graffiti (Remaster),2026-05-02T12:00:20,527947
7nmtVN5HhcdBPfi3oA3437,6C22QvOc4ombgUjY1M1ASN,55wOEGTc3QKwBJ9gntcOxT,Light Flight,Pentangle,Basket of Light,2026-05-02T11:55:42,194333
5CGpPUcUahMuLzkNK9ZgPP,0tAMTTxU0e84QFhrNhQNIT,1CD77o9fbdyQFrHnUPUEsF,Dear Mr. Fantasy,Traffic,Mr. Fantasy,2026-05-02T11:47:47,334000
6nl0oUn7TlqoUc59BOG0XS,1dbVSQR5jcw5rdngMyA3d8,7M1FPw29m5FbicYzS2xdpi,Neurotica,King Crimson,The Condensed 21st Century Guide To King Crimson (1969 - 2003),2026-05-02T11:42:16,290026
6vXIkR2kEsGFPm82hWweNI,1OBtRar4d9lrRTVOdrPOMI,3UtSTTCQ0EMUQxmsfZ3Px1,Back Street Luv,Curved Air,Second Album,2026-05-02T11:37:16,216906
6PnG9i1lpihdIBHHFg0M6Y,6RjHOFz283XfJ7o7RwqaIT,5U16QlMnlSAhkQxBZpLyLO,Mr Evasion,The Pretty Things,S.F. Sorrow,2026-05-02T11:33:46,210333
0VLETiR8ft4wZHlCQf3UAf,2DZEwt8Lhz6PuqxsJWF7Ap,3Uz6jx81OY2J5K8Z4wmy2P,Freefall,Camel,Mirage,2026-05-02T11:30:16,352853
26oHuX40kl6CbJOE2fYzp2,5KlxVQrxfXom4ttbE6trkc,3UtSTTCQ0EMUQxmsfZ3Px1,Vivaldi,Curved Air,Air Conditioning,2026-05-02T11:24:16,450560
75gb1H0F5IumlnwhjnB08B,2JyNDhGhp0hiizSPuUs0i9,67ea9eGLXYMsO2eYQRui3w,Rael - Pt.1 & Pt.2,The Who,The Who Sell Out (Super Deluxe),2026-05-02T11:16:47,338826
3aPHB4pU4fPbPqcoSng1K0,4RD4REp6RE2kVZ96Uf1TgB,4lianjyuR1tqf6oUX8kjrZ,No U Turn - Live 1988 / Remastered 2020,Franco Battiato,Giubbe Rosse (Deluxe 30th Anniversary Live & Remastered Edition / Remastered 2020),2026-05-02T11:01:38,264133
7l2Gh3fSaknNtzOxFuadeC,3gISC18IyM5W4fd3bVz9hk,1MD5pgVzlusqGyuSTcTxvu,Nuvole Nere,Premiata Forneria Marconi,Serendipity,2026-05-02T10:57:08,247133
4796ITs2bZ9Mys2nnG37qf,0b33cACjsSPVBchGgsFGMu,4lianjyuR1tqf6oUX8kjrZ,Ermeneutica,Franco Battiato,Universi paralleli di Franco Battiato,2026-05-02T10:53:09,214213
4PCwwYtVKob3Xhe4mQ6TFl,6NiJ8vCXUZoeqUIyhUDNZX,45Utoxop3UFq0Qg9YFLhx0,La Porta Chiusa,Le Orme,Uomo Di Pezza,2026-05-02T10:49:38,450826
4NAP1NmknfmMkKuDi4fhxI,1uXol4dKqzMsUiqvHpwhZh,7AC976RDJzL2asmZuz7qil,Siberian Khatru - 2025 Remaster,Yes,Close to the Edge (Super Deluxe Edition),2026-05-02T10:42:08,537373
7g0XgioAO3q8iBUQNoEAye,0aeV2p7ZUhm9Q2PJAizF7a,70tMW5bZT3TJUa1CWtfVkq,San Franciscan Nights,Eric Burdon & the Animals,Winds Of Change,2026-05-02T10:33:32,199373
4K3cElW740S6w5wbjBjRbt,59eHxfqvwJyXhJGGtORaHv,4lianjyuR1tqf6oUX8kjrZ,Up Patriots To Arms - Remastered 2008,Franco Battiato,Patriots (2008 Remastered Edition),2026-05-02T10:29:39,305266
2N5cnwXiT5AYNPsKW1BOXC,7m6StTtrbnkaC6FkDVNnTe,2CqEOngQOOMstJupNn6Hmf,Euphoria,NEU!,NEU!,2026-05-03T15:44:50,237666
4efrN6ImDeUjgtebkmLMba,7m6StTtrbnkaC6FkDVNnTe,2CqEOngQOOMstJupNn6Hmf,Paradise Walk,NEU!,NEU!,2026-05-03T15:40:50,311306
6mRr2nzDX9kgTuGWgMn8P2,7m6StTtrbnkaC6FkDVNnTe,2CqEOngQOOMstJupNn6Hmf,Wave Mother,NEU!,NEU!,2026-05-03T15:35:51,292786
2Bsp8gAjwlGmYhRueRGLHu,7m6StTtrbnkaC6FkDVNnTe,2CqEOngQOOMstJupNn6Hmf,Elanoizan,NEU!,NEU!,2026-05-03T15:30:50,151466
1qkp9OvCk8FjeDdEd2bKQ6,7M2EhhKnJYcmluPNzmB35N,4P70aqttdpJ9vuYFDmf7f6,Alpha,Vangelis,Albedo 0.39,2026-05-03T14:32:39,344293
0lUBWPZWiGQEKNzayTCpxT,4RD4REp6RE2kVZ96Uf1TgB,4lianjyuR1tqf6oUX8kjrZ,Sequenze E Frequenze - Live 1988 / Remastered 2020,Franco Battiato,Giubbe Rosse (Deluxe 30th Anniversary Live & Remastered Edition / Remastered 2020),2026-05-03T10:35:26,425120
6eUnY12Nd9TVWlbBnFQRCw,6wI2sLcBmYzYQd9LFfkbhy,2CqEOngQOOMstJupNn6Hmf,Hallogallo,NEU!,NEU!,2026-05-03T10:35:26,607426
62Fwn4Ym39BlytL3KNBMAI,2W0juo4ye4hI0mXRqtZldr,4lianjyuR1tqf6oUX8kjrZ,The Age Of Ermafrodites,Franco Battiato,Campi Magnetici - I Numeri Non Si Possono Amare,2026-05-03T10:35:25,389320
7JYDQK92DhsXpynZ2kkXfs,36EzzM52hSYnWYwsdrWPGG,6o2PxnpsrQ352kwYlEwjvR,La Mela Di Odessa,Area,Crac!,2026-05-03T10:35:25,398467
2gK9dAy6TgeOYvdlspWbdU,0HoF3Ir1IYbIkvrxXrLGOB,7AC976RDJzL2asmZuz7qil,Into the Lens,Yes,Drama (Deluxe Edition),2026-05-03T10:35:25,512333
6rbLGESJIt0IdCWcrXtrFK,1Apj3GZ0D7l94CFA5qInjr,4RuYtHjAKBufQRqBUMiOfK,L'Evoluzione,Banco Del Mutuo Soccorso,Darwin (1991 Edition),2026-05-03T10:35:25,1006400
1C7gBAgpedexfZgGFw0XoB,7BCKqUPSw6Y3Ih5Pk7otGY,7AC976RDJzL2asmZuz7qil,Sound Chaser - Single Edit,Yes,Yessingles,2026-05-03T10:35:25,189533
1d6WoMWzq2YTfGxUP94Rgy,6vUUBFECAo0oLUWfjqmXtZ,1MD5pgVzlusqGyuSTcTxvu,Bandiera Bianca,Premiata Forneria Marconi,Live In Japan 2002,2026-05-03T10:35:25,241826
3fCM5oy8dWngCNyGkGnVcD,41sJTFyarp4aKHcTGjIKnU,1yTEkYjWeeo4ANkbvUTiFG,Andy Nogger,Kraan,Andy Nogger,2026-05-03T10:35:25,228800
0YfCp9A9yqeITGsOwVyi51,7M2EhhKnJYcmluPNzmB35N,4P70aqttdpJ9vuYFDmf7f6,Main Sequence,Vangelis,Albedo 0.39,2026-05-03T08:50:31,489840
4K3cElW740S6w5wbjBjRbt,59eHxfqvwJyXhJGGtORaHv,4lianjyuR1tqf6oUX8kjrZ,Up Patriots To Arms - Remastered 2008,Franco Battiato,Patriots (2008 Remastered Edition),2026-05-03T08:02:36,305266
1d6WoMWzq2YTfGxUP94Rgy,6vUUBFECAo0oLUWfjqmXtZ,1MD5pgVzlusqGyuSTcTxvu,Bandiera Bianca,Premiata Forneria Marconi,Live In Japan 2002,2026-05-03T07:57:35,241826
3pwyjVeH54ghyHkDTWUUZI,2FJaS5kootX9CkS4DxL2eW,02frazNrWgZCxUEf4UTfHt,Pilgrims - 2005 Digital Remaster,Van Der Graaf Generator,Still Life,2026-05-03T07:50:36,431786
7oITpghqeYM0RfRK17efLY,7F6dgfm0QnJvDAXux6spJq,1MD5pgVzlusqGyuSTcTxvu,Cyber Alpha,Premiata Forneria Marconi,Stati Di Immaginazione,2026-05-03T07:43:10,268146
3RpQJrHPISBYkIYaoL4leS,4ttC4XUinZXn3GMIQNrjFZ,7M1FPw29m5FbicYzS2xdpi,Lament,King Crimson,Starless And Bible Black,2026-05-03T06:42:09,245318
04c3ZTgTH5ci7LuNSx7Wje,20dTbQRkxuOTkf3SFyaT2m,7M1FPw29m5FbicYzS2xdpi,Thela Hun Ginjeet,King Crimson,Discipline,2026-05-03T06:37:39,386520
6yhGgwT0IxUt5yG19GDKn0,4tPuH2J8xL4JU91QFTWDUJ,0sihhSAp2JQBQ2oqapkVxV,In Principio,Logos,L'enigma Della Vita,2026-05-03T06:31:09,687373
4PCwwYtVKob3Xhe4mQ6TFl,6NiJ8vCXUZoeqUIyhUDNZX,45Utoxop3UFq0Qg9YFLhx0,La Porta Chiusa,Le Orme,Uomo Di Pezza,2026-05-03T06:12:37,450826
6mCjrBuLeqdZzvowLBQeJp,59GiU04zZYyxM3HQrunKlF,7K2LDhsZ8A4LKlLPPpcKFS,In the Stable of the Sphinx,East Of Eden,Mercator Projected,2026-05-03T06:05:07,510386
3nhQ0t5o70uHAzEgYDedX2,1GOUMwPQw5xCizmD1Ixala,02frazNrWgZCxUEf4UTfHt,Man-Erg - Remastered 2021,Van Der Graaf Generator,Pawn Hearts (Deluxe),2026-05-03T05:56:07,619800
0O9dtCsMTsVIo0tF8AVJQ5,3nkLkuSpD5bMzG1ibkJw5N,4RuYtHjAKBufQRqBUMiOfK,La discesa dal treno,Banco Del Mutuo Soccorso,Transiberiana (Bonus Tracks Version),2026-05-03T05:46:07,375225
6rbLGESJIt0IdCWcrXtrFK,1Apj3GZ0D7l94CFA5qInjr,4RuYtHjAKBufQRqBUMiOfK,L'Evoluzione,Banco Del Mutuo Soccorso,Darwin (1991 Edition),2026-05-03T05:39:41,1006400
6eUnY12Nd9TVWlbBnFQRCw,6wI2sLcBmYzYQd9LFfkbhy,2CqEOngQOOMstJupNn6Hmf,Hallogallo,NEU!,NEU!,2026-05-03T05:22:37,607426
702IsRAE5re0e7eBwf0LXl,1NeJ0QqKv002iYDiOCaUOA,1MD5pgVzlusqGyuSTcTxvu,Geranio,Premiata Forneria Marconi,Per Un Amico,2026-05-03T05:12:38,484000
26oHuX40kl6CbJOE2fYzp2,5KlxVQrxfXom4ttbE6trkc,3UtSTTCQ0EMUQxmsfZ3Px1,Vivaldi,Curved Air,Air Conditioning,2026-05-03T00:45:57,450560
7JYDQK92DhsXpynZ2kkXfs,36EzzM52hSYnWYwsdrWPGG,6o2PxnpsrQ352kwYlEwjvR,La Mela Di Odessa,Area,Crac!,2026-05-03T00:37:57,398467
54VkF8s3BevKAX0JSwuf0O,30OBaYcCeQ71rdVWSpbTgC,7B9i94mmRUGH35kAyuUEDD,Starship Trooper/ Wurm,"Anderson, Squire, Howe",Tales Of Future And Past,2026-05-03T00:33:28,741960
3RsiyFNrYlv16OWY1BHMmx,51pz4wvc0BPtjnGCWjxX91,1MD5pgVzlusqGyuSTcTxvu,Dove... quando... - II Parte,Premiata Forneria Marconi,Storia Di Un Minuto,2026-05-03T00:28:27,361053
6eUnY12Nd9TVWlbBnFQRCw,6wI2sLcBmYzYQd9LFfkbhy,2CqEOngQOOMstJupNn6Hmf,Hallogallo,NEU!,NEU!,2026-05-03T00:22:27,607426
131RAB9EVFAq5k38sLk1LG,7m6StTtrbnkaC6FkDVNnTe,2CqEOngQOOMstJupNn6Hmf,La Bomba (Stop Apartheid World-Wide),NEU!,NEU!,2026-05-03T00:11:33,330093
47sJPdCkjVfLJWBFhwJiuE,20dTbQRkxuOTkf3SFyaT2m,7M1FPw29m5FbicYzS2xdpi,The Sheltering Sky,King Crimson,Discipline,2026-05-04T05:01:11,502480
6PnG9i1lpihdIBHHFg0M6Y,6RjHOFz283XfJ7o7RwqaIT,5U16QlMnlSAhkQxBZpLyLO,Mr Evasion,The Pretty Things,S.F. Sorrow,2026-05-04T04:52:41,210333
0lUBWPZWiGQEKNzayTCpxT,4RD4REp6RE2kVZ96Uf1TgB,4lianjyuR1tqf6oUX8kjrZ,Sequenze E Frequenze - Live 1988 / Remastered 2020,Franco Battiato,Giubbe Rosse (Deluxe 30th Anniversary Live & Remastered Edition / Remastered 2020),2026-05-04T04:49:11,425120
7FCYhTAkaNIqO2NWAi2J2a,7cLNFRklt2EupipdILxJc7,7nQZVqkaUxa3A62UJSisSB,Libero pensatore,La coscienza di Zeno,La notte anche di giorno,2026-05-04T04:42:11,311880
26oHuX40kl6CbJOE2fYzp2,5KlxVQrxfXom4ttbE6trkc,3UtSTTCQ0EMUQxmsfZ3Px1,Vivaldi,Curved Air,Air Conditioning,2026-05-04T04:37:11,450560
75gb1H0F5IumlnwhjnB08B,2JyNDhGhp0hiizSPuUs0i9,67ea9eGLXYMsO2eYQRui3w,Rael - Pt.1 & Pt.2,The Who,The Who Sell Out (Super Deluxe),2026-05-04T04:29:41,338826
7JYDQK92DhsXpynZ2kkXfs,36EzzM52hSYnWYwsdrWPGG,6o2PxnpsrQ352kwYlEwjvR,La Mela Di Odessa,Area,Crac!,2026-05-04T04:23:41,398467
3RpQJrHPISBYkIYaoL4leS,4ttC4XUinZXn3GMIQNrjFZ,7M1FPw29m5FbicYzS2xdpi,Lament,King Crimson,Starless And Bible Black,2026-05-04T04:17:11,245318
4UhB17vQsTP0qM9grc4ZUi,6wDCNTOXnKI8E4WrsdeJH9,1CD77o9fbdyQFrHnUPUEsF,Empty Pages - Remastered 2010,Traffic,John Barleycorn Must Die Deluxe Edition,2026-05-04T04:13:11,274680
1d6WoMWzq2YTfGxUP94Rgy,6vUUBFECAo0oLUWfjqmXtZ,1MD5pgVzlusqGyuSTcTxvu,Bandiera Bianca,Premiata Forneria Marconi,Live In Japan 2002,2026-05-04T04:08:41,241826
7m6T2wUj2CWjKkMbv42ZEo,2bG4ZJ2X6pUwOqPgk7Mgrg,1SQRv42e4PjEYfPhS0Tk9E,Shangri-La (2019 Remaster),The Kinks,Arthur or the Decline and Fall of the British Empire (Deluxe),2026-05-04T04:04:41,320527
54VkF8s3BevKAX0JSwuf0O,30OBaYcCeQ71rdVWSpbTgC,7B9i94mmRUGH35kAyuUEDD,Starship Trooper/ Wurm,"Anderson, Squire, Howe",Tales Of Future And Past,2026-05-04T03:59:11,741960
0O9dtCsMTsVIo0tF8AVJQ5,3nkLkuSpD5bMzG1ibkJw5N,4RuYtHjAKBufQRqBUMiOfK,La discesa dal treno,Banco Del Mutuo Soccorso,Transiberiana (Bonus Tracks Version),2026-05-04T03:46:41,375225
0VLETiR8ft4wZHlCQf3UAf,2DZEwt8Lhz6PuqxsJWF7Ap,3Uz6jx81OY2J5K8Z4wmy2P,Freefall,Camel,Mirage,2026-05-04T03:40:41,352853
1C7gBAgpedexfZgGFw0XoB,7BCKqUPSw6Y3Ih5Pk7otGY,7AC976RDJzL2asmZuz7qil,Sound Chaser - Single Edit,Yes,Yessingles,2026-05-04T03:34:41,189533
5pLqf7TEvDr4QvOeLPUBQU,4ahL5vlNhi3Ob0c6syAMSg,31oFtS8VXHkm8YVypYsw89,Cara Sin Cruz,Mezquita,Califas del Rock,2026-05-04T03:30:17,189173
0C1zYfc9awIJGuFV1vRrdi,4ahL5vlNhi3Ob0c6syAMSg,31oFtS8VXHkm8YVypYsw89,Mente de Mi Subconsciente,Mezquita,Califas del Rock,2026-05-04T01:20:59,203000
04C3eRaNUMdAnt7CAJ01Gi,4ahL5vlNhi3Ob0c6syAMSg,31oFtS8VXHkm8YVypYsw89,La Ultima Juerga,Mezquita,Califas del Rock,2026-05-04T01:17:30,317666
0fkiEfMOMVcEJtIHVanPic,4ahL5vlNhi3Ob0c6syAMSg,31oFtS8VXHkm8YVypYsw89,Aguas del Guadalquivir,Mezquita,Califas del Rock,2026-05-04T01:11:59,249493
16q0i1YK2y41gMeJrBFXnv,4ahL5vlNhi3Ob0c6syAMSg,31oFtS8VXHkm8YVypYsw89,Así Soy Yo,Mezquita,Califas del Rock,2026-05-04T01:07:59,236240
3o4fe9BKgqNE9ZodFat9d7,4ahL5vlNhi3Ob0c6syAMSg,31oFtS8VXHkm8YVypYsw89,Cuentos Arabes,Mezquita,Califas del Rock,2026-05-04T01:03:59,211666
5u9lMPTlPZznzjFFh5ZdeX,4irlewoGTUPndEinKcavLF,02frazNrWgZCxUEf4UTfHt,Arrow - 2005 Digital Remaster,Van Der Graaf Generator,Godbluff,2026-05-03T23:04:06,587826
7f79xfhkMFJrDt42o9BfyD,1n6mujGDmusUYHfuFtZZvJ,02frazNrWgZCxUEf4UTfHt,Lost - Remastered 2021,Van Der Graaf Generator,"H To He, Who Am The Only One (Deluxe)",2026-05-03T20:35:00,671040
12BSffsg97h51TlEcwXKTr,1GOUMwPQw5xCizmD1Ixala,02frazNrWgZCxUEf4UTfHt,A Plague Of Lighthouse Keepers - Remastered 2021,Van Der Graaf Generator,Pawn Hearts (Deluxe),2026-05-03T20:21:48,1384160
3nhQ0t5o70uHAzEgYDedX2,1GOUMwPQw5xCizmD1Ixala,02frazNrWgZCxUEf4UTfHt,Man-Erg - Remastered 2021,Van Der Graaf Generator,Pawn Hearts (Deluxe),2026-05-03T19:59:00,619800
5OJCbL1RVFYSw07C9e0QUS,1GOUMwPQw5xCizmD1Ixala,02frazNrWgZCxUEf4UTfHt,Lemmings (Including Cog) - Remastered 2021,Van Der Graaf Generator,Pawn Hearts (Deluxe),2026-05-03T19:48:30,696520
0TMKja08JBRFwkdpl9IpI3,1n6mujGDmusUYHfuFtZZvJ,02frazNrWgZCxUEf4UTfHt,Killer - Remastered 2021,Van Der Graaf Generator,"H To He, Who Am The Only One (Deluxe)",2026-05-03T19:36:32,498040
0Rumj64tAP1jhImDkzple6,3oUXNITVgUpdN2cUwH3hmS,0ifzzRKdmtgaHy9cfnnyCR,Focus II,Focus,Moving Waves,2026-05-03T19:28:30,243666
5qmlexKxaI31MvFhObUCZm,68W3ppXWhsOLOURmxzRkyA,7M1FPw29m5FbicYzS2xdpi,The Devils Triangle,King Crimson,In The Wake Of Poseidon,2026-05-03T19:24:00,697023
6yhGgwT0IxUt5yG19GDKn0,4tPuH2J8xL4JU91QFTWDUJ,0sihhSAp2JQBQ2oqapkVxV,In Principio,Logos,L'enigma Della Vita,2026-05-03T19:12:30,687373
4NAP1NmknfmMkKuDi4fhxI,1uXol4dKqzMsUiqvHpwhZh,7AC976RDJzL2asmZuz7qil,Siberian Khatru - 2025 Remaster,Yes,Close to the Edge (Super Deluxe Edition),2026-05-03T19:01:00,537373
54VkF8s3BevKAX0JSwuf0O,30OBaYcCeQ71rdVWSpbTgC,7B9i94mmRUGH35kAyuUEDD,Starship Trooper/ Wurm,"Anderson, Squire, Howe",Tales Of Future And Past,2026-05-03T18:52:00,741960
6nl0oUn7TlqoUc59BOG0XS,1dbVSQR5jcw5rdngMyA3d8,7M1FPw29m5FbicYzS2xdpi,Neurotica,King Crimson,The Condensed 21st Century Guide To King Crimson (1969 - 2003),2026-05-03T18:39:30,290026
6YmnF4T8NFadmlIbF6yGjB,0HoF3Ir1IYbIkvrxXrLGOB,7AC976RDJzL2asmZuz7qil,Tempus Fugit,Yes,Drama (Deluxe Edition),2026-05-03T18:34:30,315426
6GQAYT0AssRfoGWWrD1UvW,0QXX3eaggwqZXkHJ1zwaGC,31oFtS8VXHkm8YVypYsw89,Ara Buza (Dame Un Beso) - Remasterizado,Mezquita,Recuerdos De Mi Tierra (Remasterizado 2023),2026-05-03T18:24:03,274226
34RWVJloaUCdCe9EYMH9ms,0QXX3eaggwqZXkHJ1zwaGC,31oFtS8VXHkm8YVypYsw89,Desde Que Somos Dos - Remasterizado,Mezquita,Recuerdos De Mi Tierra (Remasterizado 2023),2026-05-03T17:00:20,347053
19GTGG1v14wOISts5UNUr3,0QXX3eaggwqZXkHJ1zwaGC,31oFtS8VXHkm8YVypYsw89,El Bizco De Los Patios - Remasterizado,Mezquita,Recuerdos De Mi Tierra (Remasterizado 2023),2026-05-03T16:54:20,260519
7vYZU6UBqScL7BKFVIYOAk,0QXX3eaggwqZXkHJ1zwaGC,31oFtS8VXHkm8YVypYsw89,Recuerdos De Mi Tierra - Remasterizado,Mezquita,Recuerdos De Mi Tierra (Remasterizado 2023),2026-05-03T16:50:20,466226
4m1NnqNTUbXO0YDuFPJqJf,7oT1CbeyKlCJOsxmELnMMW,5hlBb5u8K5D8yrL8jwZ7N9,Recuerdos de una noche - En directo 1975,Triana,El patio 40 Aniversario,2026-05-03T16:41:51,284066
6KrB5mFP48CLaiWHFwDYz0,7oT1CbeyKlCJOsxmELnMMW,5hlBb5u8K5D8yrL8jwZ7N9,Todo es de color,Triana,El patio 40 Aniversario,2026-05-03T16:36:51,124253
5aQmBlkey0rhOa92rVvot2,7oT1CbeyKlCJOsxmELnMMW,5hlBb5u8K5D8yrL8jwZ7N9,En el lago,Triana,El patio 40 Aniversario,2026-05-03T16:34:50,395320
1HqenWFPNXGLnp2ge0D8Dw,7oT1CbeyKlCJOsxmELnMMW,5hlBb5u8K5D8yrL8jwZ7N9,Diálogo,Triana,El patio 40 Aniversario,2026-05-03T16:28:20,271133
2VQ0jbAidysPBubypprThV,7oT1CbeyKlCJOsxmELnMMW,5hlBb5u8K5D8yrL8jwZ7N9,Sé de un lugar,Triana,El patio 40 Aniversario,2026-05-03T16:23:51,429120
3OkkbEpEUocDtiDjqC1CW0,7oT1CbeyKlCJOsxmELnMMW,5hlBb5u8K5D8yrL8jwZ7N9,Recuerdos de una noche,Triana,El patio 40 Aniversario,2026-05-03T16:16:20,282400
12aazepVJE48YobDCKI6E5,7oT1CbeyKlCJOsxmELnMMW,5hlBb5u8K5D8yrL8jwZ7N9,Luminosa mañana,Triana,El patio 40 Aniversario,2026-05-03T16:11:50,240853
3XZD0qEHYoCTnQe9ps8HeQ,7oT1CbeyKlCJOsxmELnMMW,5hlBb5u8K5D8yrL8jwZ7N9,Abre la puerta,Triana,El patio 40 Aniversario,2026-05-03T16:07:51,590240
5f565QK5b34kOGyQYvHXd6,7m6StTtrbnkaC6FkDVNnTe,2CqEOngQOOMstJupNn6Hmf,KD,NEU!,NEU!,2026-05-03T15:53:21,115120
2N58c77aEhAPk1FigknwIc,7m6StTtrbnkaC6FkDVNnTe,2CqEOngQOOMstJupNn6Hmf,November,NEU!,NEU!,2026-05-03T15:51:21,102933
1Z1fqYVgMermcLcbSeLngr,7m6StTtrbnkaC6FkDVNnTe,2CqEOngQOOMstJupNn6Hmf,Good Life,NEU!,NEU!,2026-05-03T15:50:07,221573
3p5NtypHWlGJutvA7iOfrd,7m6StTtrbnkaC6FkDVNnTe,2CqEOngQOOMstJupNn6Hmf,Vier ½,NEU!,NEU!,2026-05-03T15:45:50,61333
73RVbX3YhvDYTSyrzKguSi,2U4JHXMiBxsKH4dnYEQg2g,7AC976RDJzL2asmZuz7qil,Parallels - 2003 Remaster,Yes,Going for the One (Deluxe Edition),2026-05-04T15:55:43,353906
0VLETiR8ft4wZHlCQf3UAf,2DZEwt8Lhz6PuqxsJWF7Ap,3Uz6jx81OY2J5K8Z4wmy2P,Freefall,Camel,Mirage,2026-05-04T14:34:53,352853
7JYDQK92DhsXpynZ2kkXfs,36EzzM52hSYnWYwsdrWPGG,6o2PxnpsrQ352kwYlEwjvR,La Mela Di Odessa,Area,Crac!,2026-05-04T14:28:54,398467
3aPHB4pU4fPbPqcoSng1K0,4RD4REp6RE2kVZ96Uf1TgB,4lianjyuR1tqf6oUX8kjrZ,No U Turn - Live 1988 / Remastered 2020,Franco Battiato,Giubbe Rosse (Deluxe 30th Anniversary Live & Remastered Edition / Remastered 2020),2026-05-04T14:22:24,264133
3nhQ0t5o70uHAzEgYDedX2,1GOUMwPQw5xCizmD1Ixala,02frazNrWgZCxUEf4UTfHt,Man-Erg - Remastered 2021,Van Der Graaf Generator,Pawn Hearts (Deluxe),2026-05-04T14:17:54,619800
5ttK7WjqbTfeyeZVUKWJkF,1INPNU4BLdbKeLQqcYTGnx,0yNLKJebCb8Aueb54LYya3,Academic,New Order,Music Complete,2026-05-04T14:07:24,354866
5uyJ7fbjk6xZzt5UL5jcQg,2ODAEaYlqS88SU4ZZu1bI6,0yNLKJebCb8Aueb54LYya3,True Faith - 2015 Remaster,New Order,Singles (2016 Remaster),2026-05-04T14:01:55,252053
7HDWE2Ib7cjkhzULV4K8y3,0OWIVcNE4aItrlRvMUVueO,762310PdDnwsDxAQxzQkfX,It's No Good,Depeche Mode,Ultra (Deluxe),2026-05-04T13:57:24,358520
4xMIvU75BVq0UOB5fi7Vgb,0OWIVcNE4aItrlRvMUVueO,762310PdDnwsDxAQxzQkfX,Only When I Lose Myself - Single Version,Depeche Mode,Ultra (Deluxe),2026-05-04T13:51:24,274000
4WoKuMjwJXuy9IqX6AH5JE,5wfikaEZXnQTXWBZ5osw9A,762310PdDnwsDxAQxzQkfX,People Are People,Depeche Mode,Some Great Reward (Deluxe),2026-05-04T13:46:58,231973
6Rr6wXmEx6w6dsBuqqKJa3,0Tg76MY2wNK4j37iCb6qyH,762310PdDnwsDxAQxzQkfX,Halo,Depeche Mode,Violator (Deluxe),2026-05-04T13:46:36,270186
1VEIMGVXj7713dHY9gZLyU,0Tg76MY2wNK4j37iCb6qyH,762310PdDnwsDxAQxzQkfX,Waiting for the Night,Depeche Mode,Violator (Deluxe),2026-05-04T13:46:19,367373
5tb8T4WJ5SULuf8lNkVfEp,06we4RiGhODMsbAPWmogy2,762310PdDnwsDxAQxzQkfX,The Things You Said,Depeche Mode,Music for the Masses (Deluxe),2026-05-04T13:46:18,242893
3EZVUewtbfJMuiu21SxRaH,1GOUMwPQw5xCizmD1Ixala,02frazNrWgZCxUEf4UTfHt,A Plague Of Lighthouse Keepers - New Stereo Mix 2021,Van Der Graaf Generator,Pawn Hearts (Deluxe),2026-05-04T13:46:18,1397760
2MEgNX56NePhc8o9jxmUXm,6x7S6u9Cx2S0JD48nPsavE,762310PdDnwsDxAQxzQkfX,Higher Love,Depeche Mode,Songs of Faith and Devotion (Deluxe),2026-05-04T13:46:17,356360
74jEbB6r3UkKhjIOcJjkVN,0toDuabaPv8Pa2KGI88eB7,0kbYTNQb4Pb1rPbbaF0pT4,Portia,Miles Davis,Tutu,2026-05-04T13:46:17,380133
4u6tu5K2M4DvEdZXDGfzzd,1GOUMwPQw5xCizmD1Ixala,02frazNrWgZCxUEf4UTfHt,Theme One - New Stereo Mix 2021,Van Der Graaf Generator,Pawn Hearts (Deluxe),2026-05-04T13:46:17,190213
5PtndrR1yYsj2BSoo89S6w,1GOUMwPQw5xCizmD1Ixala,02frazNrWgZCxUEf4UTfHt,Man-Erg - New Stereo Mix 2021,Van Der Graaf Generator,Pawn Hearts (Deluxe),2026-05-04T13:46:17,622533
5yAcJtUiOFTdvePkHb4hs8,0Zp2eVzR9FW6lKX05lRpcu,762310PdDnwsDxAQxzQkfX,New Life,Depeche Mode,Speak and Spell (Deluxe),2026-05-04T13:46:17,224173
3mHj3cBY3bKYuMb3z0lRVS,0c2eDi1S58XzaqxwOC1FMZ,762310PdDnwsDxAQxzQkfX,Personal Jesus - Acoustic,Depeche Mode,"Violator | The 12"" Singles",2026-05-04T13:46:17,206708
4QeEhsFQOJZye2FlRQcf7j,1Kn7Ds2UpJTdpBj7oweUh7,4lianjyuR1tqf6oUX8kjrZ,"Amore Che Vieni, Amore Che Val",Franco Battiato,Fleurs,2026-05-04T13:46:17,147680
37uZo8Kg2vDcCkD2yA4YeT,1GOUMwPQw5xCizmD1Ixala,02frazNrWgZCxUEf4UTfHt,W - New Stereo Mix 2021,Van Der Graaf Generator,Pawn Hearts (Deluxe),2026-05-04T13:46:16,275893
1qkp9OvCk8FjeDdEd2bKQ6,7M2EhhKnJYcmluPNzmB35N,4P70aqttdpJ9vuYFDmf7f6,Alpha,Vangelis,Albedo 0.39,2026-05-04T10:47:14,344293
3fCM5oy8dWngCNyGkGnVcD,41sJTFyarp4aKHcTGjIKnU,1yTEkYjWeeo4ANkbvUTiFG,Andy Nogger,Kraan,Andy Nogger,2026-05-04T08:47:11,228800
1d6WoMWzq2YTfGxUP94Rgy,6vUUBFECAo0oLUWfjqmXtZ,1MD5pgVzlusqGyuSTcTxvu,Bandiera Bianca,Premiata Forneria Marconi,Live In Japan 2002,2026-05-04T08:43:11,241826
54VkF8s3BevKAX0JSwuf0O,30OBaYcCeQ71rdVWSpbTgC,7B9i94mmRUGH35kAyuUEDD,Starship Trooper/ Wurm,"Anderson, Squire, Howe",Tales Of Future And Past,2026-05-04T08:39:11,741960
54VkF8s3BevKAX0JSwuf0O,30OBaYcCeQ71rdVWSpbTgC,7B9i94mmRUGH35kAyuUEDD,Starship Trooper/ Wurm,"Anderson, Squire, Howe",Tales Of Future And Past,2026-05-04T08:27:28,741960
5PtndrR1yYsj2BSoo89S6w,1GOUMwPQw5xCizmD1Ixala,02frazNrWgZCxUEf4UTfHt,Man-Erg - New Stereo Mix 2021,Van Der Graaf Generator,Pawn Hearts (Deluxe),2026-05-04T08:09:53,622533
06A2v1vXdG6WISnC18RcbL,1GOUMwPQw5xCizmD1Ixala,02frazNrWgZCxUEf4UTfHt,Lemmings (Including Cog) - New Stereo Mix 2021,Van Der Graaf Generator,Pawn Hearts (Deluxe),2026-05-04T07:59:45,699866
6rbLGESJIt0IdCWcrXtrFK,1Apj3GZ0D7l94CFA5qInjr,4RuYtHjAKBufQRqBUMiOfK,L'Evoluzione,Banco Del Mutuo Soccorso,Darwin (1991 Edition),2026-05-04T07:43:58,1006400
4vpeKl0vMGdAXpZiQB2Dtd,6lPb7Eoon6QPbscWbMsk6a,2qFr8w5sWUITRlzZ9kZotF,White Rabbit,Jefferson Airplane,Surrealistic Pillow,2026-05-05T14:20:01,150640
5FgQkEcqMXCqFdcsEx143b,2lWDphDAlgk8PNdODreJwv,2XhhAWeUOlrZnGOB7aKEI8,The Four Horsemen,Aphrodite's Child,6 6 6,2026-05-05T14:17:31,353426
4M4Q3JLsUbyTkd5WHty1WB,0aqZJlugIkTUWW1sa4BANp,22bE4uQ6baNwSHPVcDxLCe,Wild Horses,The Rolling Stones,Hot Rocks 1964-1971,2026-05-05T14:11:32,342586
1dpCISxLihabD2i6geppcA,5ZJrRUIm6apjER9MNU7QBJ,3CkvROUTQ6nRi9yQOcsB50,Pigeons,Genesis,Archive #2 (1976 - 1992),2026-05-05T14:05:44,193733
6J0AjzrYsPZrQtw6IjErhy,4GLxEXWI3JiRKp6H7bfTIK,3IYUhFvPQItj6xySrBmZkd,Run Through The Jungle,Creedence Clearwater Revival,Cosmo's Factory (Expanded Edition),2026-05-05T14:02:32,184746
5EWPGh7jbTNO2wakv8LjUI,6DExt1eX4lflLacVjHHbOs,4MVyzYMgTwdP7Z49wAZHx0,Free Bird,Lynyrd Skynyrd,Pronounced' Leh-'Nerd 'Skin-'Nerd,2026-05-05T13:59:31,547106
5jgFfDIR6FR0gvlA56Nakr,1klALx0u4AavZNEvC4LrTL,3WrFJ7ztbogyGnTHbHJFl2,Blackbird - Remastered 2009,The Beatles,The Beatles (Remastered),2026-05-05T13:50:31,138386
0MH7baopcs2vSSojpx99G2,5eOTf1CZgRvs3X3OtIxlwK,6o2PxnpsrQ352kwYlEwjvR,L'elefante bianco,Area,Crac!,2026-05-05T13:48:05,272320
0UeKMKb98sqhKhbKYdCxf4,2Q5MwpTmtjscaS34mJFXQQ,22bE4uQ6baNwSHPVcDxLCe,The Spider And The Fly - Remastered 2002,The Rolling Stones,Out Of Our Heads,2026-05-05T13:43:31,218026
6Wdj4fVCnjmeHKWw7PJveY,2s4Imr2HMS9Dk5Jp5AooTu,1MD5pgVzlusqGyuSTcTxvu,Pecore Elettriche - Italian version,Premiata Forneria Marconi,I Dreamed of Electric Sheep,2026-05-05T13:40:01,249853
7bDiExjrKWLJbtHOg7g5cw,7ENQ5VEAlbbItHUL5qq9Wx,4TMHGUX5WI7OOm53PqSDAT,Bird Song,Grateful Dead,Live Albums Collection,2026-05-05T13:34:45,456520
2z6pwfOc3v5v34b5T1N9dn,4QJ6TxU94ROZoXNro42def,4ejp2yEDQIIJIy0iFpoI5B,Paloma Ausente,Violeta Parra,El Folklore Y La Pasión,2026-05-05T13:02:01,194066
0oiV2wyVxakBblsrY6j2NJ,4ysu41mUCLI21L8EwbwhTO,4RncsrNJ1GDGsFBIxI76L6,The Bird - Remastered,Jimmy Giuffre,"Music For People, Birds, Butterflies & Mosquitoes (Remastered)",2026-05-05T12:58:31,165342
3w0VwaqSx9y8fjNDHT62Ol,6o0u4pbxrUai7aPkizuzCp,1SQRv42e4PjEYfPhS0Tk9E,Animal Farm,The Kinks,The Kinks Are the Village Green Preservation Society,2026-05-05T12:56:01,180506
63M8OHzd0lcVT517Pnon81,3IPhWIXHOAhS2npnq6FiCG,0k17h0D3J5VfsdmQ1iZtE9,Several Species of Small Furry Animals Gathered Together in a Cave and Grooving with a Pict,Pink Floyd,Ummagumma,2026-05-05T12:53:01,298426
5xYC2ZJJ9TMJL8BOl85O2R,1gKZ5A1ndFqbcrWtW85cCy,3WrFJ7ztbogyGnTHbHJFl2,Hey Bulldog - Remastered 2009,The Beatles,Yellow Submarine (Remastered),2026-05-05T12:48:01,191306
15l2kEwhZSsj01tZnNzyZ2,5dVZpNJraoqCo3BssinMoo,2x9SpqnPi8rlE9pjHBwmSC,Animals - 2005 Remaster,Talking Heads,Fear of Music (Deluxe Version),2026-05-05T12:44:32,210426
1ZSOcFF4PfERJPqGHewDnt,4ysu41mUCLI21L8EwbwhTO,4RncsrNJ1GDGsFBIxI76L6,The Butterfly - Remastered,Jimmy Giuffre,"Music For People, Birds, Butterflies & Mosquitoes (Remastered)",2026-05-05T12:41:01,147090
54eZmuggBFJbV7k248bTTt,0E5IKYhiKgbYQkmfsFonbZ,35U9lQaRWSQISxQAB94Meo,A Horse with No Name,America,America,2026-05-05T12:36:31,252239
7B3B9tt6XJQdch3DrbvWC4,47hOpZQfXVIRzTiv0Ef8pO,22bE4uQ6baNwSHPVcDxLCe,Monkey Man - Remastered 2019,The Rolling Stones,Let It Bleed (50th Anniversary Edition / Remastered 2019),2026-05-05T12:32:02,251960
1LZQZxE7MTmNLvpPkAAXJT,5EVlXlHbRQI8ybuNt4ArXI,6v8FB84lnmJs434UJf2Mrm,Birds,Neil Young,After the Gold Rush (2009 Remaster),2026-05-05T12:27:31,153373
4OYKbKaC0PD9SQ76U3yfBb,0mk9LdhZoVwwdlTAuaMx25,7nkLRaWHImCvWGHdNGnhVE,Three Blind Mice,Ten Years After,Stonedhenge,2026-05-05T12:24:49,58640
422av5zjTEf3DUnpPS5WMI,4meqXtZNvQtZU9VRL65o0f,4RuYtHjAKBufQRqBUMiOfK,L'assalto dei lupi,Banco Del Mutuo Soccorso,L'assalto dei lupi,2026-05-05T12:24:01,334920
1RDva71oSm8zSnRLMQm6Gx,2CNEkSE8TADXRT2AzcEt1b,3oDbviiivRWhXwIE8hxkVV,Pet Sounds,The Beach Boys,Pet Sounds,2026-05-05T12:18:31,157666
5Azfsjg10eAfJofHqdSBL3,76iRPjs3SQiPYrZF1pwWgA,5NXHXK6hOCotCF8lvGM1I0,Nine Cats,Porcupine Tree,Stars Die (Remaster),2026-05-05T11:59:22,231853
3lnavfgHUTrxdRqcPmhqUA,6kvCH4eS92QkpBNdTmjLEz,776Uo845nYHJpNaStv1Ds4,Catfish Blues,Jimi Hendrix,Blues,2026-05-05T11:55:22,467426
2QIgCTwjIEpa23ZTga56gq,6icDB6wt9kle4AkCoPAtaZ,1hrQ50kU6hMQBVLatqUqnO,Dog's Life,Gentle Giant,Octopus,2026-05-05T10:12:36,191493
26LztWzlVfU8pHsC2jEBwz,1WeTsUeoyJBDYiqdoCtO8I,4RuYtHjAKBufQRqBUMiOfK,Il Ragno,Banco Del Mutuo Soccorso,Come in un'ultima cena,2026-05-05T10:00:52,295733
1MSfzutmY6uBu7oBHTv60C,1Bw3bHsQ9Xwlalhp4NjX1n,4lianjyuR1tqf6oUX8kjrZ,L'Animale - Remastered,Franco Battiato,Mondi Lontanissimi (2008 Remastered Edition),2026-05-05T09:56:05,199906
3iZ5twPwvFeOUQA4Deu8tP,6UQyg4DOgAGfKnjSciPKBe,08GQAI4eElDnROBrJRGE0X,Albatross,Fleetwood Mac,English Rose,2026-05-05T09:52:52,190106
64P3zpRsDHIk7YTpRtaKYL,1klALx0u4AavZNEvC4LrTL,3WrFJ7ztbogyGnTHbHJFl2,Everybody's Got Something To Hide Except Me And My Monkey - Remastered 2009,The Beatles,The Beatles (Remastered),2026-05-05T09:49:52,144773
43SkTJJ2xleDaeiE4TIM70,0bJMFJ2XQwpO5nKTrYdUtX,22bE4uQ6baNwSHPVcDxLCe,Walking The Dog,The Rolling Stones,The Rolling Stones,2026-05-05T09:46:26,189186
0gqAQYhKyk3nXUUqzc1WLN,4vvx8uOeJE7YR4tORVtYV4,7M1FPw29m5FbicYzS2xdpi,Lizard (Prince Rupert Awakes/Bolero/The Battle of Glass Tears/Big Top),King Crimson,Lizard,2026-05-05T09:43:26,1399860
1LEAvMU3ObxFGuijPxi5MO,2lWDphDAlgk8PNdODreJwv,2XhhAWeUOlrZnGOB7aKEI8,The Lamb,Aphrodite's Child,6 6 6,2026-05-05T09:16:56,274733
3ExkycVpwb2mCZ6MsJuECz,3BSOiAas8BpJOii3kCPyjV,1w5Kfo2jwwIPruYS2UWh56,Rats - Remastered,Pearl Jam,Vs.,2026-05-05T07:36:09,255071
6Pq9MmkDQYZiiCDpxnvrf6,2BtE7qm1qzM80p9vLSiXkj,3WrFJ7ztbogyGnTHbHJFl2,I Am The Walrus - Remastered 2009,The Beatles,Magical Mystery Tour (Remastered),2026-05-05T07:31:39,275866
76MTIfR8jEZ5T0yEP5qIvt,7Jzr8zL3EqWQQJhFMtRoti,4cP0bprQSFtZdI9QEKKZA3,Cat Walk,Mal Waldron,The Cat I Saw Yesterday,2026-05-05T07:27:09,416653
26oHuX40kl6CbJOE2fYzp2,5KlxVQrxfXom4ttbE6trkc,3UtSTTCQ0EMUQxmsfZ3Px1,Vivaldi,Curved Air,Air Conditioning,2026-05-05T07:15:15,450560
75gb1H0F5IumlnwhjnB08B,2JyNDhGhp0hiizSPuUs0i9,67ea9eGLXYMsO2eYQRui3w,Rael - Pt.1 & Pt.2,The Who,The Who Sell Out (Super Deluxe),2026-05-05T05:54:02,338826
3RsiyFNrYlv16OWY1BHMmx,51pz4wvc0BPtjnGCWjxX91,1MD5pgVzlusqGyuSTcTxvu,Dove... quando... - II Parte,Premiata Forneria Marconi,Storia Di Un Minuto,2026-05-05T05:54:01,361053
46dxvP1IF5TdcKG42GkDF4,4ttC4XUinZXn3GMIQNrjFZ,7M1FPw29m5FbicYzS2xdpi,The Night Watch,King Crimson,Starless And Bible Black,2026-05-05T05:54:01,281611
6YmnF4T8NFadmlIbF6yGjB,0HoF3Ir1IYbIkvrxXrLGOB,7AC976RDJzL2asmZuz7qil,Tempus Fugit,Yes,Drama (Deluxe Edition),2026-05-05T05:54:01,315426
3XZD0qEHYoCTnQe9ps8HeQ,7oT1CbeyKlCJOsxmELnMMW,5hlBb5u8K5D8yrL8jwZ7N9,Abre la puerta,Triana,El patio 40 Aniversario,2026-05-05T05:54:01,590240
7yLCCnegxpkYe6TgkZFRVN,4sWf0wkRfi49tW4NLxdLj2,4lianjyuR1tqf6oUX8kjrZ,Zai Saman - 2008 Remaster,Franco Battiato,Fisiognomica (2008 Remastered Edition),2026-05-05T05:54:01,232813
6rbLGESJIt0IdCWcrXtrFK,1Apj3GZ0D7l94CFA5qInjr,4RuYtHjAKBufQRqBUMiOfK,L'Evoluzione,Banco Del Mutuo Soccorso,Darwin (1991 Edition),2026-05-05T05:54:01,1006400
4Xnx46oORhi3xt5m23Qzse,08WECxW5Pz0dIcEabHkIzU,1MD5pgVzlusqGyuSTcTxvu,Transumanza jam - Live in Lugano,Premiata Forneria Marconi,The Event - Live in Lugano,2026-05-05T05:54:01,202560
47sJPdCkjVfLJWBFhwJiuE,20dTbQRkxuOTkf3SFyaT2m,7M1FPw29m5FbicYzS2xdpi,The Sheltering Sky,King Crimson,Discipline,2026-05-05T05:54:01,502480
4796ITs2bZ9Mys2nnG37qf,0b33cACjsSPVBchGgsFGMu,4lianjyuR1tqf6oUX8kjrZ,Ermeneutica,Franco Battiato,Universi paralleli di Franco Battiato,2026-05-05T05:54:01,214213
70gsGvTtjXyYAp0M1X6DPH,0xM84XzqFGTDsFjPgCrXh9,0f3kLT4wvi2mFHlHJgV8Hl,Big Apple - Metro Mix,Kajagoogoo,Islands,2026-05-05T20:43:01,365880
0HOOIjvwMNB9IL0G64gKKL,0xM84XzqFGTDsFjPgCrXh9,0f3kLT4wvi2mFHlHJgV8Hl,On a Plane,Kajagoogoo,Islands,2026-05-05T20:36:29,253986
0MSYmBxKuO7gC6tL5iDqV4,0xM84XzqFGTDsFjPgCrXh9,0f3kLT4wvi2mFHlHJgV8Hl,Islands,Kajagoogoo,Islands,2026-05-05T20:32:01,291480
1l89u8dBPpEAHVSY45OVaV,0xM84XzqFGTDsFjPgCrXh9,0f3kLT4wvi2mFHlHJgV8Hl,Turn Your Back on Me,Kajagoogoo,Islands,2026-05-05T20:27:01,241293
64EYxmO7v1pNbSgKvXNkfk,0xM84XzqFGTDsFjPgCrXh9,0f3kLT4wvi2mFHlHJgV8Hl,Melting the Ice Away,Kajagoogoo,Islands,2026-05-05T20:23:01,318613
0kWweQWE8HIYlOUsIcvthl,0xM84XzqFGTDsFjPgCrXh9,0f3kLT4wvi2mFHlHJgV8Hl,The Power to Forgive,Kajagoogoo,Islands,2026-05-05T20:18:01,286040
5GdmKwHrXRfGT40ZGs0W5R,0xM84XzqFGTDsFjPgCrXh9,0f3kLT4wvi2mFHlHJgV8Hl,Big Apple,Kajagoogoo,Islands,2026-05-05T20:13:01,249546
7zacyKvVMUsjbtvMiJPWlw,0xM84XzqFGTDsFjPgCrXh9,0f3kLT4wvi2mFHlHJgV8Hl,The Lion's Mouth,Kajagoogoo,Islands,2026-05-05T20:09:09,216186
7zacyKvVMUsjbtvMiJPWlw,0xM84XzqFGTDsFjPgCrXh9,0f3kLT4wvi2mFHlHJgV8Hl,The Lion's Mouth,Kajagoogoo,Islands,2026-05-05T20:08:41,216186
0suLngfo7rJoetk7Ub6N8l,0ETFjACtuP2ADo6LFhL6HN,3WrFJ7ztbogyGnTHbHJFl2,Octopus's Garden - Remastered 2009,The Beatles,Abbey Road (Remastered),2026-05-05T20:05:47,170720
3DQYUtFdiSYYl5LiKIP5uO,5rZ0rFsFBgi7bY446rR8ox,4l8xPGtl6DHR2uvunqrl8r,Turtles Have Short Legs,CAN,The Singles,2026-05-05T19:57:18,205219
0bv5vUJCvXM9G0cbjeikyY,6YhvR14clg0yibdTKB5aBv,5GXruybcLmXPjR9rKKFyS6,Back At The Chicken Shack,Jimmy Smith,Back At The Chicken Shack,2026-05-05T19:54:56,483093
6J0AjzrYsPZrQtw6IjErhy,4GLxEXWI3JiRKp6H7bfTIK,3IYUhFvPQItj6xySrBmZkd,Run Through The Jungle,Creedence Clearwater Revival,Cosmo's Factory (Expanded Edition),2026-05-05T19:46:56,184746
63M8OHzd0lcVT517Pnon81,3IPhWIXHOAhS2npnq6FiCG,0k17h0D3J5VfsdmQ1iZtE9,Several Species of Small Furry Animals Gathered Together in a Cave and Grooving with a Pict,Pink Floyd,Ummagumma,2026-05-05T19:43:57,298426
1gyQods9V876YtT0YBu1N1,7C0IAJ3u8KenVJHKFGeZ85,3CkvROUTQ6nRi9yQOcsB50,The Lamb Lies Down on Broadway - 2025 Remaster,Genesis,The Lamb Lies Down On Broadway (50th Anniversary Deluxe Edition),2026-05-05T19:38:56,291306
3M0QK0bYdiGMu6JNoPk8YG,2pTyJZOTqFYn2UPP30zZNl,5l8VQNuIg0turYE1VtM9zV,Bird on the Wire,Leonard Cohen,Songs From A Room,2026-05-05T19:33:26,208616
5jFD6SEWH4V3GSo87tkvLk,2oarUyKXMzGZ2FQyoGbV9B,3qlU3Nyu3XXO2k9AUnTcy1,La Pulce D'Acqua,Angelo Branduardi,La Pulce D'Acqua,2026-05-05T19:29:56,284333
6Wdj4fVCnjmeHKWw7PJveY,2s4Imr2HMS9Dk5Jp5AooTu,1MD5pgVzlusqGyuSTcTxvu,Pecore Elettriche - Italian version,Premiata Forneria Marconi,I Dreamed of Electric Sheep,2026-05-05T19:25:27,249853
7oXOoyO2LGsl3zWqrRVZyY,0b33cACjsSPVBchGgsFGMu,4lianjyuR1tqf6oUX8kjrZ,Le aquile non volano a stormi,Franco Battiato,Universi paralleli di Franco Battiato,2026-05-05T19:20:56,206560
69WzNkdbqaJEK6XanOkB4P,2xJFvV7JzoYYMere5rqjVf,4X42BfuhWCAZ2swiVze9O0,The Raven That Refused to Sing,Steven Wilson,The Raven That Refused to Sing (and Other Stories),2026-05-05T19:17:26,477104
4V2Sv3OBB3rihY6J3xszLr,4g1bXWOAxwXsB87MA3VyGQ,0IwfuIL3gUJxjzUqY3wJ3j,Some Skunk Funk,Billy Cobham,A Funky Thide Of Sings,2026-05-05T19:04:16,310333
1WvAEqmGYmu0DMWCcXMxQk,2YDrjd7cl5Lz2mjl3do6iz,4l8xPGtl6DHR2uvunqrl8r,Dead Pigeon Suite,CAN,The Lost Tapes,2026-05-05T17:34:30,706533
6YA1LnVI98LXUmtMKs3fIk,5IlWV2U89uY5EuNYtYQH6B,6w6z8m4WXX7Tub4Rb6Lu7R,Bungle in the Jungle,Jethro Tull,M.U. - The Best of Jethro Tull,2026-05-05T17:22:30,217333
4iVbUJJFCByvdV3SMI7SEp,2vCIHBcaagIDY6f7axqdi0,4kYClJRpGza4CLezfVwLEf,Two Dolphins Go Dancing,Irmin Schmidt,Toy Planet - 1981,2026-05-05T17:18:30,209696
5dC9NQCbU6i3T3S4nyg23y,7GkJWXDdRuZyUvVKCbKujO,1BGN1IdyiSR0ZYrkoKNchl,Tiergarten,Tangerine Dream,"Platz der Republik, West-Berlin - August 1st 1987",2026-05-05T17:14:59,190533
6JXpIe7UwSyTVNb05dUxbU,73iVQndgikX2BpxklY2b5S,5AEG63ajney2BoDXi0Vb84,Seagull,Bad Company,Live At Wembley Arena 2010,2026-05-05T17:11:59,286245
3DFjWyIJ2FA8ehRRynybpO,5po3XeTxZ1Oy9xMX62daWm,22bE4uQ6baNwSHPVcDxLCe,Little Red Rooster - (Original Single Mono Version),The Rolling Stones,Singles 1963-1965,2026-05-05T17:06:59,184720
5RETGB7Fe6KxAEXevMpmTu,0BD0bKRAFt8Z5q2NqCTPsN,3Uz6jx81OY2J5K8Z4wmy2P,The Snow Goose - Remastered 2023,Camel,The Snow Goose (2023 Remastered & Expanded Edition),2026-05-05T17:03:30,191813
2YzHNIhohdbov0BRN8HcLN,78tN6vBPHHyNk4sZYnS5X4,7AC976RDJzL2asmZuz7qil,The Fish (Schindleria Praematurus) - 2024 Remaster,Yes,Fragile (Super Deluxe),2026-05-05T17:00:29,159892
0xSvfXYyDqQ3sncpGveHbg,4Ji83LjzvEzFoCpN85m5lW,08GQAI4eElDnROBrJRGE0X,Rattlesnake Shake - 2013 Remaster,Fleetwood Mac,Then Play On (2013 Remaster; Expanded Edition),2026-05-05T16:57:59,210156
0MGdMLE0oo28ueP6xNSBdN,4VRRvBdZNnQGAmNN2fHhVh,6ra4GIOgCZQZMOaUECftGN,Dog Breath Variations,Frank Zappa,The Yellow Shark,2026-05-05T16:54:30,127040
7bw8Bq5YKEaMOwZNjylyHT,5GuP6isw4DZpsTaucdWkC5,02frazNrWgZCxUEf4UTfHt,Refugees - Remastered,Van Der Graaf Generator,The Least We Can Do Is Wave To Each Other,2026-05-05T16:51:59,385466
6EEihoyAbhrobkEJfonlVZ,5GuP6isw4DZpsTaucdWkC5,02frazNrWgZCxUEf4UTfHt,Darkness (11/11) [2005 - Remaster],Van Der Graaf Generator,The Least We Can Do Is Wave To Each Other,2026-05-05T16:45:29,450093
12BSffsg97h51TlEcwXKTr,1GOUMwPQw5xCizmD1Ixala,02frazNrWgZCxUEf4UTfHt,A Plague Of Lighthouse Keepers - Remastered 2021,Van Der Graaf Generator,Pawn Hearts (Deluxe),2026-05-05T16:37:46,1384160
3nhQ0t5o70uHAzEgYDedX2,1GOUMwPQw5xCizmD1Ixala,02frazNrWgZCxUEf4UTfHt,Man-Erg - Remastered 2021,Van Der Graaf Generator,Pawn Hearts (Deluxe),2026-05-05T16:14:59,619800
5OJCbL1RVFYSw07C9e0QUS,1GOUMwPQw5xCizmD1Ixala,02frazNrWgZCxUEf4UTfHt,Lemmings (Including Cog) - Remastered 2021,Van Der Graaf Generator,Pawn Hearts (Deluxe),2026-05-05T16:04:29,696520
63soSLcwqpJFJaI5OgnnC2,2IZe9ttqeMqwkv3dRXJRkd,4TMHGUX5WI7OOm53PqSDAT,China Cat Sunflower - 2013 Remaster,Grateful Dead,Aoxomoxoa (2013 Remaster),2026-05-05T14:45:02,222235
4KRgqwb4kvBuTz1utbYxfb,3PRoXYsngSwjEQWR5PsHWR,3WrFJ7ztbogyGnTHbHJFl2,And Your Bird Can Sing - Remastered 2009,The Beatles,Revolver (Remastered),2026-05-06T11:35:33,120493
6BT7qiDY4A5tOyklohjQuW,0DQyTVcDhK9wm0f6RaErWO,6zvul52xwTWzilBZl6BUbT,Monkey Gone to Heaven,Pixies,Doolittle,2026-05-06T11:33:33,175333
43SkTJJ2xleDaeiE4TIM70,0bJMFJ2XQwpO5nKTrYdUtX,22bE4uQ6baNwSHPVcDxLCe,Walking The Dog,The Rolling Stones,The Rolling Stones,2026-05-06T11:09:53,189186
6XVtS357eRLu9C0bhvcplS,1WeTsUeoyJBDYiqdoCtO8I,4RuYtHjAKBufQRqBUMiOfK,Si Dice Che I Delfini Parlino,Banco Del Mutuo Soccorso,Come in un'ultima cena,2026-05-06T11:06:53,353666
4V2Sv3OBB3rihY6J3xszLr,4g1bXWOAxwXsB87MA3VyGQ,0IwfuIL3gUJxjzUqY3wJ3j,Some Skunk Funk,Billy Cobham,A Funky Thide Of Sings,2026-05-06T11:00:54,310333
1ZSOcFF4PfERJPqGHewDnt,4ysu41mUCLI21L8EwbwhTO,4RncsrNJ1GDGsFBIxI76L6,The Butterfly - Remastered,Jimmy Giuffre,"Music For People, Birds, Butterflies & Mosquitoes (Remastered)",2026-05-06T10:55:52,147090
7zacyKvVMUsjbtvMiJPWlw,0xM84XzqFGTDsFjPgCrXh9,0f3kLT4wvi2mFHlHJgV8Hl,The Lion's Mouth,Kajagoogoo,Islands,2026-05-06T10:53:08,216186
5RvojOmq8Yrvg2FNKbRmlN,59eHxfqvwJyXhJGGtORaHv,4lianjyuR1tqf6oUX8kjrZ,Le Aquile - Remastered 2008,Franco Battiato,Patriots (2008 Remastered Edition),2026-05-06T08:47:50,250653
6JXpIe7UwSyTVNb05dUxbU,73iVQndgikX2BpxklY2b5S,5AEG63ajney2BoDXi0Vb84,Seagull,Bad Company,Live At Wembley Arena 2010,2026-05-06T08:43:49,286245
1LEAvMU3ObxFGuijPxi5MO,2lWDphDAlgk8PNdODreJwv,2XhhAWeUOlrZnGOB7aKEI8,The Lamb,Aphrodite's Child,6 6 6,2026-05-06T08:38:50,274733
2z6pwfOc3v5v34b5T1N9dn,4QJ6TxU94ROZoXNro42def,4ejp2yEDQIIJIy0iFpoI5B,Paloma Ausente,Violeta Parra,El Folklore Y La Pasión,2026-05-06T08:34:20,194066
4iVbUJJFCByvdV3SMI7SEp,2vCIHBcaagIDY6f7axqdi0,4kYClJRpGza4CLezfVwLEf,Two Dolphins Go Dancing,Irmin Schmidt,Toy Planet - 1981,2026-05-06T08:30:49,209696
14qbY7LbhcXwECCGqH2z7U,7IKUTIc9UWuVngyGPtqNHS,22WZ7M8sxp5THdruNY3gXt,Crawling King Snake,The Doors,L.A. Woman,2026-05-06T08:27:20,298973
2RKXaYI00vF1YpzRBWPpEd,0lSd1hZaG62VvH2XZSmWg6,08GQAI4eElDnROBrJRGE0X,Dragonfly,Fleetwood Mac,Like Crying: The Songs of Danny Kirwan,2026-05-06T08:22:20,165754
4OYKbKaC0PD9SQ76U3yfBb,0mk9LdhZoVwwdlTAuaMx25,7nkLRaWHImCvWGHdNGnhVE,Three Blind Mice,Ten Years After,Stonedhenge,2026-05-06T08:19:50,58640
0bv5vUJCvXM9G0cbjeikyY,6YhvR14clg0yibdTKB5aBv,5GXruybcLmXPjR9rKKFyS6,Back At The Chicken Shack,Jimmy Smith,Back At The Chicken Shack,2026-05-06T08:18:50,483093
63M8OHzd0lcVT517Pnon81,3IPhWIXHOAhS2npnq6FiCG,0k17h0D3J5VfsdmQ1iZtE9,Several Species of Small Furry Animals Gathered Together in a Cave and Grooving with a Pict,Pink Floyd,Ummagumma,2026-05-06T08:10:50,298426
3JLItZsgZGc5hdgocrHu0y,4irlewoGTUPndEinKcavLF,02frazNrWgZCxUEf4UTfHt,"A Louse Is Not A Home - Live, 2005 Digital Remaster",Van Der Graaf Generator,Godbluff,2026-05-06T08:05:36,767880
0gEaeqVRHPzRc7HMXtOKc7,3b4E89rxzZQ9zkhgKpj8N4,0k17h0D3J5VfsdmQ1iZtE9,Pigs (Three Different Ones),Pink Floyd,Animals,2026-05-06T01:49:26,686333
0MGdMLE0oo28ueP6xNSBdN,4VRRvBdZNnQGAmNN2fHhVh,6ra4GIOgCZQZMOaUECftGN,Dog Breath Variations,Frank Zappa,The Yellow Shark,2026-05-06T01:38:26,127040
7B3B9tt6XJQdch3DrbvWC4,47hOpZQfXVIRzTiv0Ef8pO,22bE4uQ6baNwSHPVcDxLCe,Monkey Man - Remastered 2019,The Rolling Stones,Let It Bleed (50th Anniversary Edition / Remastered 2019),2026-05-06T01:35:57,251960
5FgQkEcqMXCqFdcsEx143b,2lWDphDAlgk8PNdODreJwv,2XhhAWeUOlrZnGOB7aKEI8,The Four Horsemen,Aphrodite's Child,6 6 6,2026-05-06T01:31:57,353426
63soSLcwqpJFJaI5OgnnC2,2IZe9ttqeMqwkv3dRXJRkd,4TMHGUX5WI7OOm53PqSDAT,China Cat Sunflower - 2013 Remaster,Grateful Dead,Aoxomoxoa (2013 Remaster),2026-05-06T01:25:57,222235
1dpCISxLihabD2i6geppcA,5ZJrRUIm6apjER9MNU7QBJ,3CkvROUTQ6nRi9yQOcsB50,Pigeons,Genesis,Archive #2 (1976 - 1992),2026-05-06T01:22:27,193733
4ZmjfLdJXbqjAENqk7eWSE,1klALx0u4AavZNEvC4LrTL,3WrFJ7ztbogyGnTHbHJFl2,Piggies - Remastered 2009,The Beatles,The Beatles (Remastered),2026-05-06T01:18:57,124266
5dC9NQCbU6i3T3S4nyg23y,7GkJWXDdRuZyUvVKCbKujO,1BGN1IdyiSR0ZYrkoKNchl,Tiergarten,Tangerine Dream,"Platz der Republik, West-Berlin - August 1st 1987",2026-05-06T01:16:57,190533
1AZ5G23Kcn9h5Awws5Ekf3,6CvGnsHhBjVvGKgmIkpLMs,5GXruybcLmXPjR9rKKFyS6,The Cat,Jimmy Smith,The Cat,2026-05-06T01:13:57,204093
76MTIfR8jEZ5T0yEP5qIvt,7Jzr8zL3EqWQQJhFMtRoti,4cP0bprQSFtZdI9QEKKZA3,Cat Walk,Mal Waldron,The Cat I Saw Yesterday,2026-05-06T01:10:27,416653
3DFjWyIJ2FA8ehRRynybpO,5po3XeTxZ1Oy9xMX62daWm,22bE4uQ6baNwSHPVcDxLCe,Little Red Rooster - (Original Single Mono Version),The Rolling Stones,Singles 1963-1965,2026-05-06T01:03:26,184720
69WzNkdbqaJEK6XanOkB4P,2xJFvV7JzoYYMere5rqjVf,4X42BfuhWCAZ2swiVze9O0,The Raven That Refused to Sing,Steven Wilson,The Raven That Refused to Sing (and Other Stories),2026-05-06T01:00:27,477104
15l2kEwhZSsj01tZnNzyZ2,5dVZpNJraoqCo3BssinMoo,2x9SpqnPi8rlE9pjHBwmSC,Animals - 2005 Remaster,Talking Heads,Fear of Music (Deluxe Version),2026-05-06T00:52:26,210426
7as0i6RfQ0agOKeFNffmdb,0ICEGX26wNqIKLmWRpZxwx,2m62cc253Xvd9qYQ8d2X3d,The Raven,The Alan Parsons Project,Tales Of Mystery And Imagination (Original 1976 Version),2026-05-06T00:48:57,238186
5EWPGh7jbTNO2wakv8LjUI,6DExt1eX4lflLacVjHHbOs,4MVyzYMgTwdP7Z49wAZHx0,Free Bird,Lynyrd Skynyrd,Pronounced' Leh-'Nerd 'Skin-'Nerd,2026-05-06T00:44:56,547106
64P3zpRsDHIk7YTpRtaKYL,1klALx0u4AavZNEvC4LrTL,3WrFJ7ztbogyGnTHbHJFl2,Everybody's Got Something To Hide Except Me And My Monkey - Remastered 2009,The Beatles,The Beatles (Remastered),2026-05-06T00:35:56,144773
3vfIp1SN81WhrwLYahweyK,6ELt0QaMOwPGPzfdEXE839,7M1FPw29m5FbicYzS2xdpi,Larks' Tongues In Aspic (Part II),King Crimson,Larks' Tongues In Aspic (Expanded & Remastered Original Album Mix),2026-05-06T00:33:27,439006
2Y4zwRLRmBSrQd8vrfBIyK,0o6CVT0y5uxH5r6zXQot98,6PAt558ZEZl0DmdXlnjMgD,Reptile,Eric Clapton,Reptile,2026-05-06T00:25:57,205226
5DJjwPtvPNARWVyzIdFnef,4irlewoGTUPndEinKcavLF,02frazNrWgZCxUEf4UTfHt,Scorched Earth - 2005 Digital Remaster,Van Der Graaf Generator,Godbluff,2026-05-06T00:22:01,583080
6PvxI36z3horWyae29EOHM,4irlewoGTUPndEinKcavLF,02frazNrWgZCxUEf4UTfHt,The Undercover Man - 2005 Digital Remaster,Van Der Graaf Generator,Godbluff,2026-05-05T22:01:17,452133
3nhQ0t5o70uHAzEgYDedX2,1GOUMwPQw5xCizmD1Ixala,02frazNrWgZCxUEf4UTfHt,Man-Erg - Remastered 2021,Van Der Graaf Generator,Pawn Hearts (Deluxe),2026-05-05T21:53:37,619800
5OJCbL1RVFYSw07C9e0QUS,1GOUMwPQw5xCizmD1Ixala,02frazNrWgZCxUEf4UTfHt,Lemmings (Including Cog) - Remastered 2021,Van Der Graaf Generator,Pawn Hearts (Deluxe),2026-05-05T21:43:17,696520
5RvojOmq8Yrvg2FNKbRmlN,59eHxfqvwJyXhJGGtORaHv,4lianjyuR1tqf6oUX8kjrZ,Le Aquile - Remastered 2008,Franco Battiato,Patriots (2008 Remastered Edition),2026-05-05T21:31:47,250653
7EjyzZcbLxW7PaaLua9Ksb,3tpJtzZm4Urb0n2ITN5mwF,5QEA3sofVt5QckQA6QX2nN,Surfin' Bird,The Trashmen,Full Metal Jacket (Original Motion Picture Soundtrack),2026-05-05T21:27:17,137133
7zacyKvVMUsjbtvMiJPWlw,0xM84XzqFGTDsFjPgCrXh9,0f3kLT4wvi2mFHlHJgV8Hl,The Lion's Mouth,Kajagoogoo,Islands,2026-05-05T21:25:17,216186
6RtyDR21q21OXaoKXoAsJK,0xM84XzqFGTDsFjPgCrXh9,0f3kLT4wvi2mFHlHJgV8Hl,The Lion's Mouth - Beast Mix,Kajagoogoo,Islands,2026-05-05T21:20:52,339240
