track_id,track,plays,track_unique_days,log_dur_min,track_score
7zacyKvVMUsjbtvMiJPWlw,The Lion's Mouth,12,7,1.2809338454620642,35.2
3nhQ0t5o70uHAzEgYDedX2,Man-Erg,10,7,2.3350522831315472,34.84
12BSffsg97h51TlEcwXKTr,A Plague Of Lighthouse Keepers,7,7,3.138533072185662,32.35
5GdmKwHrXRfGT40ZGs0W5R,Big Apple,8,7,1.425515074273172,29.56
73RVbX3YhvDYTSyrzKguSi,Parallels,7,7,1.7749523509116738,28.94
5OJCbL1RVFYSw07C9e0QUS,Lemmings (Including Cog),7,6,2.4518667957098,28.63
2gK9dAy6TgeOYvdlspWbdU,Into the Lens,7,6,2.1447610078004784,27.86
0lUBWPZWiGQEKNzayTCpxT,Sequenze E Frequenze,7,6,1.958685340544036,27.4
7l2Gh3fSaknNtzOxFuadeC,Nuvole Nere,6,6,1.415853163361435,24.54
1d6WoMWzq2YTfGxUP94Rgy,Bandiera Bianca,7,5,1.3937663759585917,23.98
6FvC8Zyr210AlHtdxinvdv,Into The Storm,6,5,1.9315214116032138,23.83
5qmlexKxaI31MvFhObUCZm,The Devils Triangle,5,5,2.4527277514237653,23.63
5u9lMPTlPZznzjFFh5ZdeX,Arrow,5,5,2.2823823856765264,23.21
5DJjwPtvPNARWVyzIdFnef,Scorched Earth,5,5,2.2741856184723477,23.19
63M8OHzd0lcVT517Pnon81,Several Species of Small Furry Animals Gathered Together in a Cave and Grooving with a Pict,6,5,1.6034198401085373,23.01
47sJPdCkjVfLJWBFhwJiuE,The Sheltering Sky,5,5,2.124653884501384,22.81
6rbLGESJIt0IdCWcrXtrFK,L'Evoluzione,5,4,2.8195915758351173,22.55
26oHuX40kl6CbJOE2fYzp2,Vivaldi,5,5,2.0162354657760435,22.54
04c3ZTgTH5ci7LuNSx7Wje,Thela Hun Ginjeet,5,5,1.8625285401162623,22.16
0a6bQ2T8D1GqYdoV7a1aqJ,Monochromatic,7,4,1.4279160358107101,22.07
54VkF8s3BevKAX0JSwuf0O,Starship Trooper/ Wurm,6,3,2.5152741864043966,21.29
3aPHB4pU4fPbPqcoSng1K0,No U Turn,5,5,1.4816045409242156,21.2
2sG6kG8mEDaiv7AN0TJ310,Apparenza e realtà,5,5,1.2947271675944,20.74
6h7QRocVkgKhCoshjNtsHj,Words On A Page,5,4,1.8453002361560848,20.11
05pHz3mFHEkhnwTMlvcnhJ,To The Moment,5,4,1.8261608959453874,20.07
6YmnF4T8NFadmlIbF6yGjB,Tempus Fugit,5,4,1.6601310267496185,19.65
2oFpvU50wDhNkLHomFD4PZ,The Man You Always Wanted Me To Be,5,4,1.623340817603092,19.56
4NAP1NmknfmMkKuDi4fhxI,Siberian Khatru,4,4,2.192770226986839,19.48
4xKVls005Pr4Hes0mE4vb4,Aliens,5,4,1.541159071680806,19.35
0TMKja08JBRFwkdpl9IpI3,Killer,4,4,2.1162555148025524,19.29
6eUnY12Nd9TVWlbBnFQRCw,Hallogallo,5,3,2.3145136638593193,19.29
702IsRAE5re0e7eBwf0LXl,Geranio,4,4,2.0881534822818573,19.22
6Wdj4fVCnjmeHKWw7PJveY,Pecore Elettriche,5,4,1.425515074273172,19.06
6PvxI36z3horWyae29EOHM,The Undercover Man,4,4,2.020222182019865,19.05
7h5ukKkaoxjtXq4IFV93Tz,Cool Scene,5,4,1.4182774069729414,19.05
4VyNxyzGEAjdGjIQ6rkuBV,Ooh to Be Ah,4,4,1.884034745337226,18.71
5kE5EMs7YnqBixw4wN5MPB,Does It Really Happen?,4,4,1.884034745337226,18.71
1RlcV2uD5WlYQdlnQlIU6G,From The Turn Of A Card,5,4,1.2149127443642704,18.54
75gb1H0F5IumlnwhjnB08B,Rael,4,4,1.7316555451583497,18.33
6RtyDR21q21OXaoKXoAsJK,The Lion's Mouth,4,4,1.7316555451583497,18.33
6zdU7b4RAqFYxRFHMTW02s,Hour Of Need,5,4,1.1314021114911006,18.33
5NP4VlF2gfo3IiqAJmrfDX,Lies & Promises,5,4,1.0647107369924282,18.16
6yhGgwT0IxUt5yG19GDKn0,In Principio,4,3,2.4388627112865935,18.1
0kWweQWE8HIYlOUsIcvthl,The Power to Forgive,4,4,1.5623463049002497,17.91
3eFHv2F3wNKjpnip3w6waZ,The Garden,6,3,1.0508216248317612,17.63
3RpQJrHPISBYkIYaoL4leS,Lament,4,4,1.4085449700547104,17.52
6gIg6yHRojDG9Px3eSIZ3P,True Faith,4,3,2.203869120054888,17.51
1l89u8dBPpEAHVSY45OVaV,Turn Your Back on Me,4,4,1.3912819026309295,17.48
5QzZDAATnQhIEQSyktZFEU,Awaken,3,3,2.7421295147550726,17.36
09eF6enKRBqUDjjuOsiKI4,The Pump Rooms of Bath,6,3,0.9360933591703348,17.34
4GPprzWbPGkW3gQByufueS,Automaticamente,5,3,1.4906543764441336,17.23
4796ITs2bZ9Mys2nnG37qf,Ermeneutica,4,4,1.2725655957915476,17.18
3o4fe9BKgqNE9ZodFat9d7,Cuentos Arabes,4,4,1.2612978709452054,17.15
4iVbUJJFCByvdV3SMI7SEp,Two Dolphins Go Dancing,4,4,1.2499017362143359,17.12
2eBSqX24PTZN2OrbQMhUfV,Voglio Vederti Danzare,4,4,1.2267122912954254,17.07
43SkTJJ2xleDaeiE4TIM70,Walking The Dog,4,4,1.1474024528375417,16.87
3DFjWyIJ2FA8ehRRynybpO,Little Red Rooster,4,4,1.1249295969854831,16.81
3w0VwaqSx9y8fjNDHT62Ol,Animal Farm,4,4,1.1019400787607843,16.75
3APHT3KjbHi9OllkVQsuXF,Bohemian Like You,5,3,1.2612978709452054,16.65
70gsGvTtjXyYAp0M1X6DPH,Big Apple,4,3,1.8082887711792655,16.52
2YzHNIhohdbov0BRN8HcLN,The Fish (Schindleria Praematurus),4,4,0.9783261227936078,16.45
1jvQR74HnmszGi2wlOEaHL,The Sleepwalkers,3,3,2.3683728335320486,16.42
0nd0RzNgsqCHv0ZD0ohPZG,The Gift Of Love,3,3,2.2915241456346207,16.23
5EWPGh7jbTNO2wakv8LjUI,Free Bird,3,3,2.21046980408624,16.03
5PtndrR1yYsj2BSoo89S6w,Man-Erg,4,2,2.3398808777377424,15.85
0bv5vUJCvXM9G0cbjeikyY,Back At The Chicken Shack,3,3,2.0856720914304723,15.71
69WzNkdbqaJEK6XanOkB4P,The Raven That Refused to Sing,3,3,2.0731719286662407,15.68
76MTIfR8jEZ5T0yEP5qIvt,Cat Walk,3,3,1.937301774518713,15.34
0O9dtCsMTsVIo0tF8AVJQ5,La discesa dal treno,3,3,1.8325814637483102,15.08
1VEIMGVXj7713dHY9gZLyU,Waiting for the Night,3,3,1.8115620965242347,15.03
05UJltDoeueldFVcn7IeWQ,Sleep,3,3,1.7833912195575383,14.96
5FgQkEcqMXCqFdcsEx143b,The Four Horsemen,3,3,1.7732559976634952,14.93
1dpCISxLihabD2i6geppcA,Pigeons,4,3,1.172482137234565,14.93
3h7hkPvohAzGCiDvbGeQ0Y,Ergonomics,4,3,1.169381359556317,14.92
5dC9NQCbU6i3T3S4nyg23y,Tiergarten,4,3,1.1568811967920856,14.89
3EZVUewtbfJMuiu21SxRaH,A Plague Of Lighthouse Keepers,2,2,3.1484533605716547,14.87
1qkp9OvCk8FjeDdEd2bKQ6,Alpha,3,3,1.747459210331475,14.87
7JYDQK92DhsXpynZ2kkXfs,La Mela Di Odessa,4,2,1.8931119634883424,14.73
64EYxmO7v1pNbSgKvXNkfk,Melting the Ice Away,3,3,1.6695918352538475,14.67
4LRwNbgbd6DusUfOWREM9G,Turn Your Back on Me,3,3,1.6272778305624314,14.57
0jYpOvA5P19kn9a4aA4zqE,L'Isola Elefante,3,3,1.5871923034867805,14.47
030ffOIPEEHxY86mYqVEQP,Cat Food,3,3,1.5851452198650557,14.46
0MSYmBxKuO7gC6tL5iDqV4,Islands,3,3,1.5810384379124025,14.45
6nl0oUn7TlqoUc59BOG0XS,Neurotica,3,3,1.5748464676644813,14.44
7ICgC6ExhlaEZntSVPRtPM,Gli Uccelli,3,3,1.5644405465033646,14.41
5jFD6SEWH4V3GSo87tkvLk,La Pulce D'Acqua,3,3,1.556037135706985,14.39
5mGq3cybgQDZgTEbu9ldV9,Man Gave Names to All the Animals,3,3,1.4951487660319727,14.24
0vObTdok3btgvyR3MC33I0,Waiting Man,3,3,1.4951487660319727,14.24
2WtslakEz6s0PcIgynJpnc,Oceano Di Silenzio,3,3,1.4861396960896067,14.22
49Ufp2YksR78HhzjIISVWo,Neal And Jack And Me,3,3,1.4747630091074988,14.19
0HOOIjvwMNB9IL0G64gKKL,On a Plane,3,3,1.4422019930581866,14.11
54eZmuggBFJbV7k248bTTt,A Horse with No Name,3,3,1.4350845252893227,14.09
7B3B9tt6XJQdch3DrbvWC4,Monkey Man,3,3,1.4350845252893227,14.09
5RvojOmq8Yrvg2FNKbRmlN,Le Aquile,3,3,1.430311246536665,14.08
2bI94nOOcNeRxccUF9y8aH,Shakin',3,3,1.3686394258811698,13.92
4WoKuMjwJXuy9IqX6AH5JE,People Are People,3,3,1.3532545070416904,13.88
2de98HzQLgj4mN9X68IjAu,Wonderous Stories,3,3,1.3402504226184837,13.85
15l2kEwhZSsj01tZnNzyZ2,Animals,3,3,1.2556160374777743,13.64
4Xnx46oORhi3xt5m23Qzse,Transumanza jam,3,3,1.2178757094949273,13.54
1MSfzutmY6uBu7oBHTv60C,L'Animale,3,3,1.2029723039923526,13.51
5xYC2ZJJ9TMJL8BOl85O2R,Hey Bulldog,3,3,1.1600209167967532,13.4
1WvAEqmGYmu0DMWCcXMxQk,Dead Pigeon Suite,2,2,2.4664031782234406,13.17
06A2v1vXdG6WISnC18RcbL,Lemmings (Including Cog),2,2,2.4561641809223462,13.14
0suLngfo7rJoetk7Ub6N8l,Octopus's Garden,3,3,1.0473189942805592,13.12
7HDv9WfmLNinEJx8iZIE1m,Dream Gerrard,2,2,2.401525040848949,13.0
6od40KsZR8dSJMxgpENBvr,Animal Instincts,3,3,0.9932517730102834,12.98
0VLETiR8ft4wZHlCQf3UAf,Freefall,3,2,1.7715567619105355,12.93
3XZD0qEHYoCTnQe9ps8HeQ,Abre la puerta,2,2,2.286455711064162,12.72
2wqWJna7kLeoUpAZhfX8YS,La Rossa,2,2,2.28949985344539,12.72
4Yw37wsXSsz5V61IBS8cYh,The Gates of Delirium,2,1,3.0832851705618523,12.71
5Vpv9XW9djsKvoSDVfUSLz,Paninaro,2,2,2.1587147225743437,12.4
0MGdMLE0oo28ueP6xNSBdN,Dog Breath Variations,3,3,0.7514160886839212,12.38
1UwdrKKa1G7MOKXTVycwWF,My Room (Waiting For Wonderland),2,2,2.086913556518537,12.22
1a1xoTlWpndO6azw57dKdJ,Dancing with the Moonlit Knight,2,2,2.080690761080268,12.2
6ghacFqX1Xybok4ADSDq4u,Turn of the Century,2,2,2.0693912058263346,12.17
7vYZU6UBqScL7BKFVIYOAk,Recuerdos De Mi Tierra,2,2,2.050270164379556,12.13
7bDiExjrKWLJbtHOg7g5cw,Bird Song,2,2,2.0294631718735947,12.07
6EEihoyAbhrobkEJfonlVZ,Darkness (11/11) [2005,2,2,2.0149030205422647,12.04
4PCwwYtVKob3Xhe4mQ6TFl,La Porta Chiusa,2,2,2.0162354657760435,12.04
6hHc7Pks7wtBIW8Z6A0iFq,Blue Monday,2,2,2.0135687975291283,12.03
5tb8T4WJ5SULuf8lNkVfEp,The Things You Said,3,2,1.3987168811184478,12.0
3vfIp1SN81WhrwLYahweyK,Larks' Tongues In Aspic (Part II),2,2,1.9906103279732201,11.98
5TjLHZ8tPECmCgR2LvlFWd,La grande Pasqua russa,2,2,1.9878743481543455,11.97
3pwyjVeH54ghyHkDTWUUZI,Pilgrims,2,2,1.9740810260220096,11.94
0GRBFjza23Im7Xb16c9AaK,No Quarter,2,2,1.951608170169951,11.88
1v01uUPOnzQYF168ezOrNs,Shouldn't Do That,2,2,1.9473377010464987,11.87
7bBPlEQxfD3t9OQWVdx71R,White Feathers,3,2,1.3480731482996928,11.87
0UHUKfXdy2VUfZctR8BRMl,La carrozza di Hans,2,2,1.9139771019523042,11.78
63soSLcwqpJFJaI5OgnnC2,China Cat Sunflower,3,2,1.308332819650179,11.77
2TD9Ve5cJai60TYSEidgxD,Il Mietitore,3,2,1.2837077723447896,11.71
3l4l1oUSFH4JWkRm2HsNOr,Ooh to Be Ah,2,2,1.884034745337226,11.71
0CQwOxnMK1yRJaptJ0dkC7,Ooh to Be Ah,3,2,1.2781522025001875,11.7
7FcLgWXLFyAmDrKXIDNwcF,Metal,3,2,1.2669476034873244,11.67
2JGyhooUQ9RVCd7uJAebUc,Cirkus (including Entry of the Chameleons),2,2,1.864080130807681,11.66
6eKPSagnVU7gygR8Dm132W,Changes,2,2,1.8468787684491346,11.62
16MwIJwfRQdl4KVdRBI5ii,Il Respiro del Tempo,2,2,1.843719208158766,11.61
5Sei3NoWCfDm29lvtqhXpN,Going Under,3,2,1.2383742310432684,11.6
3EMwxd1bCQZSq4lFZHo9Vk,Big Apple,2,2,1.8164520818184267,11.54
5Rzt1zCXx81n5CH8d4CXQo,Big Apple,2,2,1.8082887711792655,11.52
3RsiyFNrYlv16OWY1BHMmx,Dove... quando...,2,2,1.7950872593207297,11.49
34RWVJloaUCdCe9EYMH9ms,Desde Que Somos Dos,2,2,1.7544036826842861,11.39
0csWSjZhXwcIyRcJpTgAuV,Moon Rocks,2,2,1.7509374747078,11.38
0gqAQYhKyk3nXUUqzc1WLN,Lizard (Prince Rupert Awakes/Bolero/The Battle of Glass Tears/Big Top),1,1,3.1497400860333387,11.37
4M4Q3JLsUbyTkd5WHty1WB,Wild Horses,2,2,1.742219023667919,11.36
5zADxJhJEzuOstzcUtXlXv,Supper's Ready,1,1,3.139832617527748,11.35
0Pqy7Cs5C7dgJFMIeq5EYy,Medley: A Plague Of Lighthouse Keepers,1,1,3.1402654242862895,11.35
5TGBpTDgnaCDf0zOQAmkWK,Nietzsche,2,2,1.7369512327330598,11.34
6wNZa5e5DVBwMbqB4uYuXp,750.000 anni fa... l'amore?,2,2,1.728109442151599,11.32
6J0AjzrYsPZrQtw6IjErhy,Run Through The Jungle,3,2,1.1249295969854831,11.31
422av5zjTEf3DUnpPS5WMI,L'assalto dei lupi,2,2,1.7191887763932197,11.3
0DO7AUeYAx9oUG7gyrbdTD,The Good Thing,3,2,1.1184149159642893,11.3
7JTaExKeVhJ7zxONogTgnO,Going for the One,2,2,1.7101878155342434,11.28
5s6gA3IQTbVqv8utc5jVcn,Cats Under The Stars,2,2,1.7083778602890038,11.27
0gGRN6FMfXvJewuICghuw7,L'Immenso Campo Insensato,2,2,1.7047480922384253,11.26
7JTJz9C9Lk2WBMOs7xmNv2,Ore,2,2,1.682688374173693,11.21
7m6T2wUj2CWjKkMbv42ZEo,Shangri-La (2019 Remaster),2,2,1.6752256529721035,11.19
6kRjeXaRe9LRl3Sxphf5jj,Mohammed,2,2,1.6752256529721035,11.19
4vJRdgiKKzF36ZqUH0ha6A,Godless,2,2,1.673351238177753,11.18
04C3eRaNUMdAnt7CAJ01Gi,La Ultima Juerga,2,2,1.665818245870208,11.16
4V2Sv3OBB3rihY6J3xszLr,Some Skunk Funk,2,2,1.6428726885203377,11.11
4K3cElW740S6w5wbjBjRbt,Up Patriots To Arms,2,2,1.6272778305624314,11.07
335rKvPRnLcRaCDtIqwDQG,Banana Republic,2,2,1.6213664832993742,11.05
2wBA4FbKKsrmkXBqMiULbo,La Grande Corsa,2,2,1.6154199841116479,11.04
1iirVt5GbGooJejnGGdd5D,Good Morning,2,2,1.6094379124341003,11.02
26LztWzlVfU8pHsC2jEBwz,Il Ragno,2,2,1.5953389880545987,10.99
5VUSidYgDkT1bv44GVVz21,Umani Alieni,2,2,1.5933085305042167,10.98
5UuF77n1lbEVro02JSoO9J,K.N.A. (Kaleidoscope Neutronic Accelerator),2,2,1.5748464676644813,10.94
6JXpIe7UwSyTVNb05dUxbU,Seagull,2,2,1.5623463049002497,10.91
7lYXfltdMHNHtR5qg3xTX3,Gli Uccelli,2,2,1.5518087995974639,10.88
5LP10C87Y5YnToBtwsxojk,Moon In June,1,1,2.9507349076232554,10.88
26Xb1Ud7QshGHH3o7IfA76,The Loop,2,2,1.5496879080283263,10.87
26JKmZM47d9rOzoWZ9GApX,Paninaro,2,2,1.5432981099295553,10.86
46dxvP1IF5TdcKG42GkDF4,The Night Watch,2,2,1.545432582458188,10.86
1NiBRKLnlPurkOs9F1DJHJ,The Hurlyburly,2,2,1.534714366238164,10.84
1WBo4U3SnPN49I5lOESmYk,"Close to the Edge: i. The Solid Time of Change, ii. Total Mass Retain, iii. I Get up I Get Down, iv. Seasons of Man",1,1,2.929592471049446,10.82
6GQAYT0AssRfoGWWrD1UvW,Ara Buza (Dame Un Beso),2,2,1.5195132049061133,10.8
4UhB17vQsTP0qM9grc4ZUi,Empty Pages,2,2,1.5216989981260935,10.8
1LEAvMU3ObxFGuijPxi5MO,The Lamb,2,2,1.5216989981260935,10.8
5FvRkKujcquFV4wma9QAfj,Indiscipline,2,2,1.5151272329628591,10.79
7oITpghqeYM0RfRK17efLY,Cyber Alpha,2,2,1.4973884086254774,10.74
20Yie5PSAYYB7upcgyAxKO,Your Appetite,2,2,1.4816045409242156,10.7
64P3zpRsDHIk7YTpRtaKYL,Everybody's Got Something To Hide Except Me And My Monkey,3,2,0.8796267475025636,10.7
1Iwbyem3pxCJwfbwRlB941,AtmoSpace,2,2,1.4816045409242156,10.7
19GTGG1v14wOISts5UNUr3,El Bizco De Los Patios,2,2,1.4678743481123135,10.67
6b0yXKXFtRUOK1wqxkE4rm,Two Minute Warning,2,2,1.4422019930581866,10.61
4fDh4crrqfdiQLNPNAAsTA,The Howler,2,2,1.4350845252893227,10.59
1650LUcd7pCPN6oLjUs3s7,Ricochet (Part One),1,1,2.830857630363757,10.58
0fkiEfMOMVcEJtIHVanPic,Aguas del Guadalquivir,2,2,1.425515074273172,10.56
4coiXbes7tbMRz1a4A2Tm1,Ombre Amiche,2,2,1.415853163361435,10.54
60rik7L8PK2MgBuy3yn9xX,Lemmings,1,1,2.8154087194227095,10.54
0Rumj64tAP1jhImDkzple6,Focus II,2,2,1.4011829736136412,10.5
7as0i6RfQ0agOKeFNffmdb,The Raven,2,2,1.3787660946990992,10.45
3a2n6ktGMY67SeryFDbNyn,Turn Your Back on Me,2,2,1.3737155789130306,10.43
197BZR2lqvBxVRlO8stQwm,E Ti Vengo A Cercare,2,2,1.3737155789130306,10.43
3LJKux0EHh14BGdhzQXxDY,Part of Me Is You,2,2,1.3737155789130306,10.43
16q0i1YK2y41gMeJrBFXnv,Así Soy Yo,2,2,1.3711807233098425,10.43
1fuRreUibo6i4VGr0ZSgCE,La Rivoluzione,2,2,1.3686394258811698,10.42
4JvjCMPpXVldRhM0mxheub,Don't Kill the Whale,2,2,1.3686394258811698,10.42
5esztZeiWJF8dYixCubgai,Heartbeat,2,2,1.3635373739972745,10.41
70wZU1cn68xDajFE5gY3Pr,Centro Di Gravità Permanente,2,2,1.358409157630355,10.4
5aq792lBi0ANVk99WsfxTx,Canto nomade per un prigioniero politico,1,1,2.7587433154177283,10.4
4xmWnvakCpuD51XDp0FPcG,Weirdo,2,2,1.355835153635182,10.39
7yLCCnegxpkYe6TgkZFRVN,Zai Saman,2,2,1.355835153635182,10.39
5FlKCxeXdDgWMWpzsO8iwU,Blue Monday,2,1,2.150598735996164,10.38
7sNhXWrg9eW3qRqeuePaIC,Orange Crush,2,2,1.3506671834767394,10.38
3fCM5oy8dWngCNyGkGnVcD,Andy Nogger,2,2,1.3376291891386096,10.34
6im1FozDCSrfREdpKqzQ6f,Mr. Non Lo So,2,2,1.3376291891386096,10.34
4qVjaG8Z0Mh4yRUuEUknty,Squid/Octopus,1,1,2.7350166493320245,10.34
0PwsGauzby8L05mTiy4ujH,Words On A Page,2,2,1.308332819650179,10.27
2WLsPVRPaBHARiMptJwMsn,Running Against The Grain,2,2,1.308332819650179,10.27
5vGeP5Hor6fQiiAGdeH4Ft,Transumanza Jam,2,2,1.3001916620664788,10.25
3Y84GaPc2JTCQLF8gRLVJt,L'Era Del Cinghiale Bianco,2,2,1.2892326482767593,10.22
6vXIkR2kEsGFPm82hWweNI,Back Street Luv,2,2,1.2864740258376797,10.22
0UeKMKb98sqhKhbKYdCxf4,The Spider And The Fly,2,2,1.2892326482767593,10.22
17HWZkS1MhZbkYPWeizgMa,Ooh to Be Ah,2,2,1.2781522025001875,10.2
3svZfiRtX6u6sbxYXtw2Mq,Rent,2,2,1.2809338454620642,10.2
1nc3Iey4wwbielZEry1Px7,Sartori in Tangier,2,2,1.275362800412609,10.19
0gRSn1jEA7c8RYZmwyF0YZ,Big Indian,2,2,1.275362800412609,10.19
1ZxR5QzgmSZkArHn7p8wor,Aria Di Rivoluzione,2,2,1.2725655957915476,10.18
4y32yPTgB29d7BHWfVYTBV,White Feathers,2,2,1.2584609896100056,10.15
6PnG9i1lpihdIBHHFg0M6Y,Mr Evasion,2,2,1.2556160374777743,10.14
4KvZyvmPbLzCMn5Hfd1Deo,Summer On A Solitary Beach,2,2,1.2556160374777743,10.14
0xSvfXYyDqQ3sncpGveHbg,Rattlesnake Shake,2,2,1.252762968495368,10.13
7oXOoyO2LGsl3zWqrRVZyY,Le aquile non volano a stormi,2,2,1.235471471385307,10.09
0dRZS5myf8NifPqgRwA986,Tra sesso e castità,2,2,1.2296405510745139,10.07
4VHnUCXPoZjYw25iJJ0Ahm,Horse Pills,2,2,1.2267122912954254,10.07
1AZ5G23Kcn9h5Awws5Ekf3,The Cat,2,2,1.2237754316221157,10.06
7klINw0NwgTxxuIo3T9IKs,Alexander Platz,2,2,1.220829921392359,10.05
0C1zYfc9awIJGuFV1vRrdi,Mente de Mi Subconsciente,2,2,1.2178757094949273,10.04
0nPOThAOyc6nbh4Nbanf7f,Country Leaver,2,2,1.2178757094949273,10.04
2cTfzU2iNMI9aZSPOL3mYx,Larks' Tongues In Aspic (Part I),1,1,2.6093342281630525,10.02
6tRQbnLLjMvh5Zx8ipd0SS,Mondi Paralleli,2,2,1.1908875647772805,9.98
0wORXH5RaIXOxKnyltuF9e,Get the Balance Right!,2,2,1.1755733298042381,9.94
2z6pwfOc3v5v34b5T1N9dn,Paloma Ausente,2,2,1.172482137234565,9.93
3red9xwXz8hU4XRNuZhr6d,Il Dono Del Cervo,2,2,1.169381359556317,9.92
5RETGB7Fe6KxAEXevMpmTu,The Snow Goose,2,2,1.1631508098056809,9.91
3vNuiCB9OirYFeO79MNQqZ,Get Off,2,2,1.1568811967920856,9.89
1C7gBAgpedexfZgGFw0XoB,Sound Chaser,2,2,1.1505720275988207,9.88
4u6tu5K2M4DvEdZXDGfzzd,Theme One,2,2,1.1537315878891892,9.88
3JLItZsgZGc5hdgocrHu0y,A Louse Is Not A Home,1,1,2.5494451709255714,9.87
5pLqf7TEvDr4QvOeLPUBQU,Cara Sin Cruz,2,2,1.1474024528375417,9.87
1yPjS57IDVSVio6zW45wM7,Solid,2,2,1.144222799920162,9.86
5RYdxEXYrsLvk6BlAyLRPr,Childlike Faith In Childhood's End,1,1,2.5368663887187113,9.84
3kp9Ji3GSt62461FZ2gTLj,L'animale,2,2,1.1314021114911006,9.83
4E8lIpvBpdbrsmLNkqE3pq,Eastern Numbers,1,1,2.5079719227189963,9.77
2HCfUhbElYaqBczZqDLxch,Un'Altra Vita,2,2,1.1019400787607843,9.75
033qZdFc0NDMcC5qgwuUux,Luminol,1,1,2.498973906999436,9.75
4TWGFI2skLKipAwLBsgKSd,Cuccurucucù,2,2,1.091923300517313,9.73
6V2N2kd13NP2VVePUBhfRm,(In The) Black Room/The Tower,1,1,2.4664031782234406,9.67
3r8aTVJlryuF3ZcVSpWpA0,Lemmings (Including Cog),1,1,2.4553061800117097,9.64
0gEaeqVRHPzRc7HMXtOKc7,Pigs (Three Different Ones),1,1,2.437115985951652,9.59
5yTntxdC2qDhJEVEZHMZC2,Animal,2,2,1.0260415958332743,9.57
7f79xfhkMFJrDt42o9BfyD,Lost,1,1,2.414126467726953,9.54
5PFGWGJzxRaoKTcWuLlUCE,Lost: The Dance In Sand And Sea/The Dance In The Frost,1,1,2.4176979000945504,9.54
5zgBkwQc9EXSkFDilwKkfn,ManErg,1,1,2.412335956953165,9.53
176RyR4Ac2kU0bEI4uycWs,Traccia II,2,2,0.9745596399981308,9.44
4OmpD7nAiqeJYQV9hchkph,"A Love Supreme, Pt. III",1,1,2.3711778844596574,9.43
1RDva71oSm8zSnRLMQm6Gx,Pet Sounds,2,2,0.9669838461896731,9.42
0cuDpH47VOBdqbnG5XCdii,Machine Messiah,1,1,2.347558458636777,9.37
3vFi5B5VcnstzetQbqzXkL,Machine Messiah,1,1,2.347558458636777,9.37
0kWcu1pw8zVF5ykPr1m9DQ,Feng Shui,1,1,2.3427668826268775,9.36
0s5QFXo8u8foDSl6oQLw1R,Lonnie's Lament,1,1,2.3282528397426234,9.32
6Ap85jPfZq0DIgglSKPf55,Confusion,1,1,2.322387720290225,9.31
1SSdWBO1xePELpK27iMU5C,"And You and I: i. Cord of Life, ii. Eclipse, iii. The Preacher the Teacher, iv. Apocalypse",1,1,2.3233676321765744,9.31
6qfovhuEiazhpsIe4UqirU,The Holy Drinker,1,1,2.325324579963535,9.31
4vpeKl0vMGdAXpZiQB2Dtd,White Rabbit,2,2,0.9202827531436925,9.3
3WGhSW2KJoGH9fD9cGWDtI,A Place To Survive,1,1,2.309560706730471,9.27
4u2dUchYraxM1SFBHuE32o,Boris The Spider,2,2,0.9001613499442714,9.25
3UidBOm9Cl9N7tfLAtHHpo,La Conquista Della Posizione Eretta,1,1,2.301584592660462,9.25
1ZSOcFF4PfERJPqGHewDnt,The Butterfly,2,2,0.8960880245566357,9.24
4P0iCtuPba62SoYoOkTpD9,Forse Le Lucciole Non Si Amano Più,1,1,2.288486168614544,9.22
27cpEDIohXSh71P2vVoMD3,Scorched Earth,1,1,2.2679936482244267,9.17
7hndioNe0qtgQrMjEqcIbe,Never Let Me Down Again,1,1,2.2607208888953467,9.15
0pAWc1N5PQdQhkyj73uJut,Giant,1,1,2.259677591982769,9.15
6UpMG6BDOd5xecMTu5r3sj,Firth of Fifth,1,1,2.253394848803274,9.13
51vwq1LeyYogquQPupd2Bg,Never Let Me Down Again,1,1,2.253394848803274,9.13
5sY77QMQ0tA6LBLsjhGPGm,Sound Chaser,1,1,2.2438960966453663,9.11
5jgFfDIR6FR0gvlA56Nakr,Blackbird,2,2,0.8372475245337022,9.09
6K3q2FCBIIKcoKkmT6M6NL,Eruption,1,1,2.2267833795777636,9.07
5cpKDL7ArW8F2JtUk0wuQM,The Vanilla Queen,1,1,2.2267833795777636,9.07
4ji0yEFTzpQJoZOMG8W0fe,True Faith,1,1,2.199444334074532,9.0
58PsK1TTZn9zZXp4Z1oy49,True Faith,1,1,2.201659174404085,9.0
6aJpPH5jhRicPvPkoHkcuF,In the Light,1,1,2.174751721484161,8.94
1O6uOI8krqO5ChKCDpj09A,Enjoy the Silence,1,1,2.166765369851511,8.92
0IIqCCfKmobPchLsO6YYHy,La conquista della posizione eretta,1,1,2.1644717908644115,8.91
6mCjrBuLeqdZzvowLBQeJp,In the Stable of the Sphinx,1,1,2.1412419425852827,8.85
0EiI4tM0j4Eah7Be7YYH5I,New Potato Caboose,1,1,2.131796772013764,8.83
74ATQzarPofDR0giO5Le93,Rivers,2,1,1.5260563034950492,8.82
41RZExlqDu907Cq7Zci3pA,Blue Camel,1,1,2.124653884501384,8.81
3kvTe64Xa7dvlETa8ZvaIN,Sahara,1,1,2.1174596088673567,8.79
4KRgqwb4kvBuTz1utbYxfb,And Your Bird Can Sing,2,2,0.6981347220709843,8.75
0YfCp9A9yqeITGsOwVyi51,Main Sequence,1,1,2.0992441689760155,8.75
2jSwVJrpQzggmaqfgTRlTi,Charm of a Gun,2,1,1.4951487660319727,8.74
54TN3Efzz1RZiH0o6BUO3d,Naima,1,1,2.0906287310704004,8.73
06KoWveyWUuK1BGVU4a0Es,Le pas du chat noir,1,1,2.0831845279586703,8.71
2gMosrUwWwikrPLFkGsES4,Policy of Truth,1,1,2.0794415416798357,8.7
20GN1pxoDq3uzvpu6XRjp0,Your Appetite,2,1,1.4816045409242156,8.7
09HzhqeSYsFhKK2BfjHEJk,Pictures Of A City,1,1,2.081938421878423,8.7
39AAt95Ts6PIHgMJfnHTNr,In The Wake Of Poseidon,1,1,2.0731719286662407,8.68
68pOzjFXQv9VQdaoau3QKt,Get the Balance Right!,1,1,2.0706530356467567,8.68
7qVXhnE3BD36heANra5942,Personal Jesus,1,1,2.0515563381903004,8.63
3lnavfgHUTrxdRqcPmhqUA,Catfish Blues,1,1,2.052840859882657,8.63
1gHdnVaBNakuVxPY16Mx6a,"A Love Supreme, Pt. I – Acknowledgement",1,1,2.0425181875752383,8.61
4YP9CntDC527d7nncKwUbY,Giubbe Rosse,2,1,1.4445632692438664,8.61
4kZbYkUuDHyphD71bPMYL1,Drive Home,1,1,2.030776369698555,8.58
2nrZgdMUfhxfOBMaS5WgnP,Every Bloody Emperor,1,1,2.028148247292285,8.57
4fFHmqI5jQCwcTVy9VIQA3,Conversation,1,1,2.0294631718735947,8.57
51LCl58gOGSeBdlhWeoGTm,Big Apple,2,1,1.425515074273172,8.56
2cRgujf4kRRYDPUXpJ5Ojv,Shout!,1,1,2.0241930674493576,8.56
40LtlB0B3sOKltBmbn30m7,Sleepless (Tony Levin Mix),1,1,2.012232791986386,8.53
4KTar3zcsiZf8VMEctmvGY,Sailor's Tale,1,1,2.0135687975291283,8.53
48UwvRQW3AP5ga0pa3MUtU,Aurora,1,1,2.004179057179289,8.51
793XnzccZTWuwv8W2uu2JA,Still Life,1,1,2.0028304393079956,8.51
5fKLpK1vFVlMR1EYDuYx6s,Gatto Lupesco,1,1,2.0001277349601105,8.5
67lISLYh5V9Phsqxccml2W,Oh Yeah,1,1,1.998773638612381,8.5
37NNGpwuC0OlgOAByK5N0V,Suicidio,1,1,1.9960599327407849,8.49
67Kkcf0KOEbxK24HZeEM3e,Blue Monday '88 Dub,1,1,1.9933388426264242,8.48
6f5iLq05s4Ky7Sb1FxvgnA,Darkness,1,1,1.9878743481543455,8.47
2la6ERtkB3S6ssc0Q5Glp5,"A Love Supreme, Pt. II",1,1,1.9878743481543455,8.47
6xyQePqMDxnAO0diRZBPmg,Holding Me Up,1,1,1.9823798288367047,8.46
4BCKOmosRBQuZNM050pdf2,Gentlemen Take Polaroids,1,1,1.9671123567059163,8.42
2VQ0jbAidysPBubypprThV,Sé de un lugar,1,1,1.9671123567059163,8.42
4d9ad5C4oDbP2MQpOsgsks,The Undercover Man,1,1,1.9643112344262046,8.41
2atyvzH4QfX2sGvh380UrG,Blue Monday ('88),1,1,1.9629077254238845,8.41
326jGGdUFIWNUq8yfgRezF,"A Love Supreme, Pt. IV",1,1,1.9530276168241774,8.38
60Xj1vZer7MN7jmrYM60Ki,La carrozza di Hans,1,1,1.9459101490553132,8.36
03d3DCqwvt65Orfdomjs6e,Living in Another World,1,1,1.9416152247724325,8.35
7DwGeRDMF15VXcqgwXY41b,Turn of the Century,1,1,1.9329696377795786,8.33
2anxaksNDKJJziakWiDLxq,Ho Visto Anche Degli Zingari Felici,1,1,1.9329696377795786,8.33
5FxXyneQTWwMhulNQHhkhG,Stretchy,1,1,1.925707441737794,8.31
1qIOcNfq4tIDYJKcpXIDod,Round & Round,1,1,1.918392120161421,8.3
4jSkFdrEpYAdtAFdD8JfHt,Only In A Whisper,1,1,1.9080599249242156,8.27
0sWqnxofErf7mk8VKgbrXw,Nutty,1,1,1.8931119634883424,8.23
1tvEy7OmCMvzAWGfjd3ypa,Dinosaur,1,1,1.891604804197771,8.23
7nX0ISA5uWuhxAjMgXH5au,Thieves like Us,1,1,1.888583653863595,8.22
5aQmBlkey0rhOa92rVvot2,En el lago,1,1,1.8855533485144158,8.21
1aHwXveR85GN7ZQuw1Q1H5,Impressioni di settembre,1,1,1.8764069432883397,8.19
2mfpWDGkTQiGyroGdaryMa,All That Before,1,1,1.8702625307159986,8.18
62Fwn4Ym39BlytL3KNBMAI,The Age Of Ermafrodites,1,1,1.8702625307159986,8.18
7bw8Bq5YKEaMOwZNjylyHT,Refugees,1,1,1.8594181177018698,8.15
3UYvfsdw3BzTVTrFQOlZXP,Il respiro del tempo,1,1,1.8562979903656263,8.14
79IsLLqwnvfiswYXL74Msi,Route 66,1,1,1.8500283773520307,8.13
74jEbB6r3UkKhjIOcJjkVN,Portia,1,1,1.8468787684491346,8.12
5pmrmEdTB6CjGxCt8bFJpO,Photographic,1,1,1.8468787684491346,8.12
13VZq32Nxf3v1qjuyJ2QRC,Hang On Now,1,1,1.8453002361560848,8.11
6Qjc36CLNJHkWwSNIPbghM,The Lemon Song,1,1,1.843719208158766,8.11
3YKSiIQK5anVDgvb7yc9hw,Route 66,1,1,1.840549633397487,8.1
5SsXY0On98wUVOktShg4z7,Fine Time,1,1,1.8341801851120072,8.09
0KvGvUJAPTHtiyCtEnfXCm,Nymphenburger,1,1,1.8341801851120072,8.09
2zqp7LQ19ZS8I7wLARzrBc,Parallels,1,1,1.8373699804801074,8.09
6sIRC7qbv9vyRXlqAchVnh,White Feathers,1,1,1.8309801823813363,8.08
0Zh7Qhq8iyC7tkPkFTAUik,White Feathers,1,1,1.8309801823813363,8.08
7gYTllDDXIm90xtwkgPyA7,White Feathers,1,1,1.8309801823813363,8.08
6B0eXEcuERsB6iq9DOKFRN,White Feathers,1,1,1.8309801823813363,8.08
1JekRMGQ8iN4G1AAdh0SBa,Enjoy the Silence,1,1,1.8261608959453874,8.07
58cQfjeWhZtwvnSKffDx8k,Obertura En Si Bemol,1,1,1.8196988379172965,8.05
5z0a7b6MXxCa2TAFrfCKNW,The Solid Time of Change,1,1,1.803358605071407,8.01
1AfamTwUFEzZpp30dxEUgq,Everything Counts,1,1,1.7984040119467235,8.0
4WV026a2UJrYUwEp4dVwxY,"La Montaña, la Ciudad",1,1,1.80005827204275,8.0
4QGvlLSRHuMRaPqqgyjVxj,Shouldn't Do That,1,1,1.7967470107390942,7.99
5Hhxu8Y9jIu3IqaFsbQZ6D,"'Round Midnight (feat. Thelonious Monk, Zoot Sims, Gerry Mulligan, Percy Heath & Connie Kay)",1,1,1.7900914121273581,7.98
7HDWE2Ib7cjkhzULV4K8y3,It's No Good,1,1,1.7884205679625405,7.97
16BBHRD4sShrTPIn6ME4IC,Madrid,1,1,1.7850704810772584,7.96
6bfvkSSZRed3hFQIHM5Oi7,Villes invisibles,1,1,1.7850704810772584,7.96
2MEgNX56NePhc8o9jxmUXm,Higher Love,1,1,1.7817091333745536,7.95
3VIXUEBg2YkGwBMpTPMBXa,Caravan,1,1,1.7817091333745536,7.95
5ttK7WjqbTfeyeZVUKWJkF,Academic,1,1,1.776645831418007,7.94
5HkHHAan4FMD1qEUxMkmG9,World in Motion,1,1,1.7749523509116738,7.94
6XVtS357eRLu9C0bhvcplS,Si Dice Che I Delfini Parlino,1,1,1.7732559976634952,7.93
191WTUPx65Bis9bxuR3qlc,People,1,1,1.7732559976634952,7.93
5Gwi0arhMSLAI5fhbI4tO6,The Final Reel,1,1,1.7613002617433464,7.9
03F7CSdq7NvvuDasfupUOS,Turnaround Situation,1,1,1.7595805708638197,7.9
67KymNzX8wKiRCLoTHgbA1,Chasin' The Trane,1,1,1.7509374747078,7.88
0RymZK3n4wILiqOfQzzMsS,Impressioni di Settembre,1,1,1.747459210331475,7.87
2ln1kC2KAxzr8d6pRkxWbq,I Get Up I Get Down,1,1,1.749199854809259,7.87
471HBY6mSxMFN6seK0GumP,Too Shy,1,1,1.749199854809259,7.87
4YQCmgg0cbPQc5bKNjK0gJ,Too Shy,1,1,1.749199854809259,7.87
55mW03rqsI9s3xUnuruF7G,Sherpa,1,1,1.7439688053917064,7.86
4kqYHBB597zMhE2FRVazUa,Sunhair,1,1,1.7439688053917064,7.86
7d5zuddaDfhQ1iHLcdYY0f,Orange,1,1,1.7369512327330598,7.84
0ubdE8DRtHu3XolVVspgtH,The Lion's Mouth,1,1,1.7316555451583497,7.83
0YBA7eO8kqEzUoC6zAEutF,M.E.,1,1,1.7263316639055997,7.82
5BO9YsuvEQ3rtIA8bjPXhX,Singularity,1,1,1.7263316639055997,7.82
6V5aaZGoF0nSBf5FXXKDcW,The Gospel,1,1,1.7227665977411035,7.81
35JhxrwW2bBAiMcnrmuLEN,Such a Shame,1,1,1.7209792871670078,7.8
5CGpPUcUahMuLzkNK9ZgPP,Dear Mr. Fantasy,1,1,1.7173950539391927,7.79
5x0svkNwc1ws1kCzWaIlNv,Il banchetto,1,1,1.713797927758343,7.78
64VJ17KE84E6cmeZZfLf6m,You Might Recall,1,1,1.7101878155342434,7.78
5BquOJwWEEJMGqXsUNWjHu,Winter,1,1,1.7029282555214393,7.76
131RAB9EVFAq5k38sLk1LG,La Bomba (Stop Apartheid World-Wide),1,1,1.7047480922384253,7.76
5SBaHBlFaKObATvldqHFFt,Una Dolcezza Nuova,1,1,1.7011051009599243,7.75
4yMAaPNlGMKNRO35hWBLtn,Restless,1,1,1.6992786164338898,7.75
68iBkYXJFaYFnO0qjnyTyV,Chewier,1,1,1.6956156086751528,7.74
0Qrqra03HYRABprGcmdGwF,Per un amico,1,1,1.6863989535702288,7.72
3yllEGh0om4VrFThDlFXXY,Il giro del cappio,1,1,1.682688374173693,7.71
6udbKI96O98wT1Jsng6hVO,Theme One,2,1,1.0818051703517284,7.7
2mEq5IjwOEvohBfU5kLBj5,Shangri-La (2019 Remaster),1,1,1.6752256529721035,7.69
5X90RQ8w5bogdZwVulVKPg,Snake Oil,1,1,1.6752256529721035,7.69
4CRWWNAnZVmzyghvlFIGQm,Rhayader Goes To Town,1,1,1.6752256529721035,7.69
126UEF2A18PA8xNnYUkt42,Cat's Eye/Yellow Fever (Running),1,1,1.6752256529721035,7.69
7x2xjJV3YAPeLQJ7u3Kjet,Box of Rain,1,1,1.6714733033535532,7.68
4BQhcyuHF87sZ3vTPnTTVh,Moby Dick,1,1,1.673351238177753,7.68
38AuYZwkKQzeZY7OR0Vo4h,Fly On the Windscreen (Final),1,1,1.6695918352538475,7.67
7D2f7zoIwRxeIhmeer8aWm,Let It Loose,1,1,1.665818245870208,7.66
5T5ByCEZ99crSGUjy5uJY6,Land of Milk and Money,1,1,1.6639260977181702,7.66
2qpdiWvU5zZd2qPXbqB8Fv,I Get Wild / Wild Gravity,1,1,1.6639260977181702,7.66
62gugu7a8YlQDhbAt41Wyy,Tempus Fugit,1,1,1.6601310267496185,7.65
3Fjz9ydBl4yF02wH2IDMsZ,Hearts on Fire,1,1,1.6582280766035324,7.65
5sR0z233pgvP2D7w39qCZe,Drive (Grundfunken),1,1,1.6544112780768316,7.64
1nGKYyKJmdVoTWYktqpiDj,L'Esodo,1,1,1.6563214983329508,7.64
1J24vNYCuLaJ3qm0SioL8A,Remembering,1,1,1.6563214983329508,7.64
4CLjpgZKwB9JcfpYKbwqPg,"Buonanotte, Sogni D'Oro",1,1,1.6505798557652755,7.63
75m0GQn4SBD2rD5856SxIA,Senza Riguardo,1,1,1.6524974018945473,7.63
4efrN6ImDeUjgtebkmLMba,Paradise Walk,1,1,1.6467336971777973,7.62
7FCYhTAkaNIqO2NWAi2J2a,Libero pensatore,1,1,1.6486586255873816,7.62
43IYZ1zQpbXXWhGQEgjAjb,Who Knows Where The Time Goes?,1,1,1.6428726885203377,7.61
1pX02wHXmoDWCYubpqKZ6a,Dolphin Smile,1,1,1.6370530794670737,7.59
3oaK9kAaZXDQsq2umKYq0H,Going for the One,1,1,1.6351056591826783,7.59
6iLZtZjrVJtKKT8jPwdiyi,Garofano Rosso,1,1,1.631199404215613,7.58
0dkkRsEy6Td8ocFG1ACLsT,Non mi rompete,1,1,1.6331544390514163,7.58
3776wlNwK1mLH4ycuBNuWn,Dänzing,1,1,1.62924053973028,7.57
6TsVvBQDIYxQ5X1qhsP3qK,The Gift Of Love,1,1,1.6272778305624314,7.57
0A7OojheHld5MoBSqO5e4V,Polvere,1,1,1.623340817603092,7.56
2Be2FRwYOryoBs15fWt9FK,The Pin Drop,1,1,1.6213664832993742,7.55
02Z7LG6DNTuVTJiGdvTwDu,Azalea,1,1,1.6193882432872684,7.55
2PeyQvyaViallofbtwS4PL,I Don't Believe in You,1,1,1.6174060820832772,7.54
47FdK8tvNarSDnM9uMXhJx,W,1,1,1.6154199841116479,7.54
6mAQOxxt839lfifqME35Pe,Discipline,1,1,1.6174060820832772,7.54
14qbY7LbhcXwECCGqH2z7U,Crawling King Snake,1,1,1.6054298910365616,7.51
5FU96SFEwMyiKnLsPhoNuh,Masâr,1,1,1.599387576580599,7.5
76w5TR2tfTyi1IpdJ3nVGW,La Quiete Che Verra',1,1,1.5973653311998313,7.49
5imBtvqCZjWG3BnocU9Fgx,To The Moment,1,1,1.5953389880545987,7.49
1o1pQLvKMNqkeLYWGrlA4d,Dancing With Mr. D,1,1,1.5830939370944985,7.46
2A8mY7aCmgHmCILf8v12jb,Drop Dead,1,1,1.5851452198650557,7.46
6mRr2nzDX9kgTuGWgMn8P2,Wave Mother,1,1,1.5851452198650557,7.46
1gyQods9V876YtT0YBu1N1,The Lamb Lies Down on Broadway,1,1,1.5810384379124025,7.45
6NP5YF5RtYkhx8ezPLqpZy,Supermarket,1,1,1.5810384379124025,7.45
5FTPD9wSP9IjYBeivNE7cU,Salt Of The Earth,1,1,1.5748464676644813,7.44
0qPm1SzUx66Zz4XBMMwpb6,Astrakan Café,1,1,1.572773928062509,7.43
4lA7pN9emvsqYQiNOVPwQv,On the Shoreline,1,1,1.572773928062509,7.43
3mQWrQaGsawjYowozDp7mq,Neurotica,1,1,1.5706970841176697,7.43
4J0E5Dpkw0fll3llImBet0,We Are Glass,1,1,1.5665304114228238,7.42
6rjVP61adR53qpIQ8A4B3J,Angle Of Incidents,1,1,1.5665304114228238,7.42
2uZZH1YrSVaCgOZlC8j8Mp,The Last High,1,1,1.5644405465033646,7.41
6Me8JQaGLrtbh6cVxJ4AgS,Lifetime,1,1,1.5644405465033646,7.41
5y61bj0WjB8bUMVZMjRN6c,The Power to Forgive,1,1,1.5623463049002497,7.41
5pculObJF26dmbx9ax3C8i,The Man You Always Wanted Me To Be,1,1,1.55814461804655,7.4
389QX9Q1eUOEZ19vtzzI9O,While My Guitar Gently Weeps,1,1,1.55814461804655,7.4
4m1NnqNTUbXO0YDuFPJqJf,Recuerdos de una noche,1,1,1.5539252025038417,7.38
3OkkbEpEUocDtiDjqC1CW0,Recuerdos de una noche,1,1,1.5496879080283263,7.37
0y1kwYGw5pQrXlJ1WdiTpF,And Then I Dreamt of Yes,1,1,1.5496879080283263,7.37
4bNrvwJ73isVriCsF0Fbu3,Run Through the Light,1,1,1.5496879080283263,7.37
4dbkLjN9IDo10Hr0j1zexs,Vevey (Revisited),1,1,1.547562508716013,7.37
16RwWPdReQnTTTatKk7uP8,Taxi,1,1,1.5496879080283263,7.37
3coFCSRPmQ3U0sy6tiWyWy,Nel Cielo E Nelle Altre Cose Mute (Do Largo),1,1,1.5432981099295553,7.36
1ssHP4hPlQFqRA9cPSG7PG,Sono Un Dio,1,1,1.5390154481375546,7.35
6Vvxx8epJZXAoWNAKmIeJY,The Habit Of The Broken Heart,1,1,1.5390154481375546,7.35
2JIz68trc1MoxBhIRoTxWU,VROOOM,1,1,1.5325568680981427,7.33
2FK6SnUKJY8m8kVBmdQbSM,Walking On Air,1,1,1.5325568680981427,7.33
03eLKI5mewmJqp5eY0WkPT,Cadence and Cascade,1,1,1.5325568680981427,7.33
0sfWa0ABkU9Z1LI6w4xOMC,Rivers,1,1,1.5260563034950492,7.32
2K8kAIrTDYZtWpdL8CaYBO,Buone notizie,1,1,1.5282278570085572,7.32
50lxXpbI8AlBrrcmykojhu,We Love You,1,1,1.5260563034950492,7.32
2rWEbA4iZyJ0jMthYmKkSs,Fino Alla Mia Porta,1,1,1.5282278570085572,7.32
6Pq9MmkDQYZiiCDpxnvrf6,I Am The Walrus,1,1,1.5260563034950492,7.32
37uZo8Kg2vDcCkD2yA4YeT,W,1,1,1.5260563034950492,7.32
4d16S5qhaXg5ZbEUyMoJyW,Take Another View,1,1,1.5195132049061133,7.3
4xMIvU75BVq0UOB5fi7Vgb,Only When I Lose Myself,1,1,1.5195132049061133,7.3
2hDMI3I7WGgHmP4EGAk7la,Houses in Motion,1,1,1.5151272329628591,7.29
0MH7baopcs2vSSojpx99G2,L'elefante bianco,1,1,1.5129270120532565,7.28
0EX99kuSsTM9RyRAciMvvE,Lotus,1,1,1.5107219394949427,7.28
5uUokzfJhIXL8ne2eKVp6x,Boys Better,1,1,1.5107219394949427,7.28
6H3kDe7CGoWYBabAeVWGiD,Gimme Shelter,1,1,1.506297153514587,7.27
1HqenWFPNXGLnp2ge0D8Dw,Diálogo,1,1,1.5085119938441398,7.27
6Rr6wXmEx6w6dsBuqqKJa3,Halo,1,1,1.5040773967762742,7.26
0GTK6TesV108Jj5D3MHsYb,Owner of a Lonely Heart,1,1,1.4996230464268938,7.25
5S3zaA7Nngo8RcqkoYeQ5T,"Love, In Itself",1,1,1.4996230464268938,7.25
4j3vWrRoMfZY0tQVdd2vTa,W,1,1,1.4951487660319727,7.24
1NqnwFYTigIx0eduU6rwBN,Charm of a Gun,1,1,1.4951487660319727,7.24
6vyIq52wAImw9xoJq40mYG,Owner of a Lonely Heart,1,1,1.4951487660319727,7.24
1mQfOP1tzGdI028njHAsWG,W,1,1,1.4973884086254774,7.24
6ykUIu7hJvVk9K3uCfsBrD,Un amore maledetto,1,1,1.4951487660319727,7.24
5NpuutxbNFSFtDAJ3IB2AK,Charm of a Gun,1,1,1.4951487660319727,7.24
6qc4ccBdrmV5LEZeLIEIPn,Don't Take No For An Answer,1,1,1.4929040961781488,7.23
0HqKm7uPBr5KO4tDLsqRvn,Transumanza,2,2,0.08617769624105241,7.22
7eFDGp8iE3e3UTjEoNBHxA,Ecstacy,1,1,1.4883995840570443,7.22
0pVx93u0NdATyRJcqkKaqP,Il Ballo Del Potere,1,1,1.4861396960896067,7.22
2EG2fWCFxHwNqo6gEOxOW0,The Voice,1,1,1.4838746894587547,7.21
0OPDcQ3QQwsCbE2xbQq5Bd,To The Moment,1,1,1.47932922708708,7.2
6wj8K2Tu01FwPEJtgRLzV0,Freelove,1,1,1.47932922708708,7.2
2A3WfAbX9KHMQhewdpUiok,Tu frialdad,1,1,1.47932922708708,7.2
34OzAaQeAWlFnZBSyUAtRh,Loving Cup,1,1,1.4816045409242156,7.2
2Ww4wLrJz3l6aIVNBVEqg1,Mesopotamia,1,1,1.4770487243883548,7.19
2gJH56Myv1nSs3oKaiCYhm,Up Patriots To Arms,1,1,1.4747630091074988,7.19
3WoFMRJGyBGZys5bfrlqBO,Wait,1,1,1.4770487243883548,7.19
2h7OfDcrNaHnhHLR9uEnhA,When The Whip Comes Down,1,1,1.4701758451005926,7.18
1HBVMwptlPziSpy9AcEqoP,Shock In My Town,1,1,1.4678743481123135,7.17
4789vxAh2p3QrPtdWgeHK0,Love Comes Quickly,1,1,1.463255402256019,7.16
6TVNZ1de3LnL9InRo4QzB9,Bist Du Bei Mir,1,1,1.4655675420143985,7.16
6LjRVYAhrh0IIWmZM3TOap,La volpe,1,1,1.463255402256019,7.16
7jaXYzrkadnDXX4DtVaK0z,Rocket Boy,1,1,1.4655675420143985,7.16
4s5XUVov8Yj0rtSrsfs0je,I'd Like To Help You With Your Problem,1,1,1.4586150226995167,7.15
6Vr06nN8RaH477KXaipoUE,Styggo,1,1,1.4609379041156563,7.15
69vPF6rCI47e1E7SDLboe7,Frayo,1,1,1.4609379041156563,7.15
5SiCTf5r1cVjQXAXB2StpS,Torn And Frayed,1,1,1.4562867329399256,7.14
4BixGe6AcqJU2etTzeh2cN,Such a Shame,1,1,1.4562867329399256,7.14
361M0U9xiRM2b2jgBUSB07,The Poet,1,1,1.4562867329399256,7.14
1iii3DosaivkmvUDmhZhCP,Shine A Light,1,1,1.4539530095937054,7.13
5eqAaELvI88OTZQhLX1g1I,L'Era Del Cinghiale Bianco,1,1,1.4539530095937054,7.13
1rw12PalmC8IDoygHT3fm1,From the Beginning,1,1,1.451613827240533,7.13
3ExkycVpwb2mCZ6MsJuECz,Rats,1,1,1.4469189829363254,7.12
6NFW1VFEz7FHzPxq0Q9iew,Notte kamikaze,1,1,1.449269160281279,7.12
09uamKKha251zucI02bQvD,On a Plane,1,1,1.4422019930581866,7.11
5dc1s3guiEhaZsPdOXgsmt,Chan-Son Egocentrique,1,1,1.4422019930581866,7.11
2W3kEYBdN8UTHH5GRzYvGC,Cuccurucucù,1,1,1.4445632692438664,7.11
08hLsTUp4iroL1HZSxFsrV,B'Boom,1,1,1.43746264769429,7.09
5uyJ7fbjk6xZzt5UL5jcQg,True Faith,1,1,1.4350845252893227,7.09
1D6RnQrw5kMAQCUK58Ul01,Dove arriva quel cespuglio,1,1,1.4350845252893227,7.09
2yDQ8m6Fhyxw7Bwi7l7ztt,Hide Your Love,1,1,1.4350845252893227,7.09
0xRpjqtl3xQz56b41iytTp,Cities,1,1,1.4279160358107101,7.07
31VLSfg86NJN74rUHQi7e8,I Know What I Like (In Your Wardrobe),1,1,1.4279160358107101,7.07
0UA8ynZQtxD84T43xItkXt,Radio Varsavia,1,1,1.4279160358107101,7.07
2Js454Hd5yflBEDTqrEHRH,Films,1,1,1.425515074273172,7.06
1Uqlu4z15KRPXycHC6foSN,Tears,1,1,1.4182774069729414,7.05
5wbSCgwv8KpDKD4ifL0BLg,Peaches,1,1,1.415853163361435,7.04
5OxYjKt0dlv818ox7MKMT8,Dreaming Of The Same Thing,1,1,1.4134230285081433,7.03
664mxd7tkS4Nc1ktjuY6C2,Tohogd,1,1,1.4060969884160703,7.02
7jPtn8K7McEjE1G3Z69qhd,Il Potere Del Canto,1,1,1.4036429994545037,7.01
2HtTFDlZDdsY43GJKu4U9O,Turn Your Back on Me,1,1,1.3962446919730587,6.99
4lLzZCNgUFP49R4oBlCb9N,L'Ombra Della Luce,1,1,1.3937663759585917,6.98
1DjuEIxEfq4F9ij75rAoV0,Engineers,1,1,1.3912819026309295,6.98
23Glh1ykxUAZI43Ac9E8xw,The Great Deceiver,1,1,1.3937663759585917,6.98
3CHfuMoubpCT39PBTvAWk9,The Wind,1,1,1.3912819026309295,6.98
3vhvkzp1rkvBWFpjeXeGbT,Resaca del Amanecer,1,1,1.3887912413184778,6.97
7Izkk93uVYTLM74P4fBHXO,The Eternal Olive Tree,1,1,1.3862943611198906,6.97
12aazepVJE48YobDCKI6E5,Luminosa mañana,1,1,1.3887912413184778,6.97
56tS7CfWw5EyUUlIH2vNX0,Space Cadet,1,1,1.3787660946990992,6.95
4OYKbKaC0PD9SQ76U3yfBb,Three Blind Mice,2,2,-0.020202707317519466,6.95
4i7Y4BAtccBR19yrNjMEfW,THRAK,1,1,1.3812818192963463,6.95
5NE6LCMOpA81bRQT5aFiyE,Delenda Carthago,1,1,1.3812818192963463,6.95
4QQEzkxcONBthDLfzqIh9S,Cars,1,1,1.3812818192963463,6.95
2N5cnwXiT5AYNPsKW1BOXC,Euphoria,1,1,1.3762440252663892,6.94
1AZv59LQGNVlAuQURcs4AN,Turn Your Back On Me,1,1,1.3737155789130306,6.93
28GLqUCrCLoRBLIrG5D05u,Part of Me Is You,1,1,1.3737155789130306,6.93
4ROWIwuQ0E2qY11qJgWWRJ,Sit Down & Shut Up,1,1,1.366091653802371,6.92
0I7DVTsXCnD9xzURFIUVE2,The Boat Of Millions Of Years,1,1,1.3635373739972745,6.91
5prIsUvI0KGSrz2oNX1UGp,Lode All'Inviolato,1,1,1.358409157630355,6.9
1xNM3spOHKtzhcobGQnTWf,La quiete dopo un addio,1,1,1.3609765531356006,6.9
0vNeV6bl2TyXjKKJRwnVrG,Paradise,1,1,1.355835153635182,6.89
0IbD8xojkJgwh9lLu8hoxg,Rhythm-A-Ning,1,1,1.355835153635182,6.89
1ScHQvkdsx3YW3ewWKDsHH,Interference Patterns,1,1,1.355835153635182,6.89
1F0P3P9xDbRyIzUbTFALMt,Jigsaw,1,1,1.3532545070416904,6.88
6Qyeu24sX9SAQjUAMGQO8v,Afraid of You,1,1,1.3532545070416904,6.88
5q8sgaT4SPQI3A6AQZZZxe,Paradise,1,1,1.3506671834767394,6.88
4tIWwZMsiyUBzoK2t4BQxv,Afraid of You,1,1,1.3532545070416904,6.88
5Azfsjg10eAfJofHqdSBL3,Nine Cats,1,1,1.3506671834767394,6.88
6zqcLygeNJGbcP9XaR4qhl,Jigsaw,1,1,1.3532545070416904,6.88
2iurA3nSsyC52aowfjY28S,Weirdo,1,1,1.3532545070416904,6.88
6cDbEd7HUkCDquIycI3L2F,The American,1,1,1.3506671834767394,6.88
2hVB3rTNJ3Q4QZIQwg9vVb,White Feathers,1,1,1.3480731482996928,6.87
5O3CMIJQbhXCnp3v2tlwxU,Sabor A Mi,1,1,1.3480731482996928,6.87
5cFSLDBFHqAWZ2WKaassru,Be Alright,1,1,1.3402504226184837,6.85
34K7nU8EWQIRI93RfqhdRJ,Brown Sugar,1,1,1.3402504226184837,6.85
5oS4bROdwp0gsWrjCLAp5N,Sui Giardini Della Preesistenza,1,1,1.3376291891386096,6.84
1JrNAxiq1o57wxuI9aX6KJ,Teacher,1,1,1.332366019094335,6.83
6kxijSSTEqY7la4IunFTbu,As It Is When It Was,1,1,1.3270750014599193,6.82
5RykITpYpXWvERFvblu268,"Volver, Volver",1,1,1.3297240096314962,6.82
5yAcJtUiOFTdvePkHb4hs8,New Life,1,1,1.3190856114264407,6.8
2jItmTTkIL6SkvABXsTaYT,Love Is a Stranger,1,1,1.3217558399823195,6.8
7IllFWMYnm4zF7A67ha1Y5,Il cammino interminabile,1,1,1.3190856114264407,6.8
5U7OrUfiKr1EfHhtmkNCaV,The Legend of the Outlaw Truckers Aka the Ballad of Sheriff Shorty,1,1,1.3164082336557241,6.79
2qrsuNAKFEhDaTIKNy3KMk,Sarcofagia,1,1,1.3110318766193438,6.78
4QiLrZfWDgVQZFwrDiQW7p,What Ever You Want,1,1,1.3137236682850553,6.78
2Kgu6NBUDyauwAFysfwhaq,Magician Man,1,1,1.308332819650179,6.77
1V25DJ3ghDJs8m58jbVMbf,Claudine,1,1,1.308332819650179,6.77
5xeVMUwMrqDaYIouMt6qTg,Magician Man,1,1,1.308332819650179,6.77
6WEBIVqiEsevfgJefTyuQQ,Too Shy,1,1,1.3056264580524357,6.76
6rLfsjVBUzFpFyI5auOdof,You Are Killing Me,1,1,1.3056264580524357,6.76
4gPcaRBCmB7shL3fn4e1uX,Everyone Is Totally Insane,1,1,1.3056264580524357,6.76
1Z1fqYVgMermcLcbSeLngr,Good Life,1,1,1.3056264580524357,6.76
2llb1mDJqJYkJyyfIMznra,Too Shy,1,1,1.3056264580524357,6.76
01JYvQ6udfhUw9Jed9EzoK,Bitch,1,1,1.2864740258376797,6.72
6YA1LnVI98LXUmtMKs3fIk,Bungle in the Jungle,1,1,1.2864740258376797,6.72
4ZCK0R2BRtXxHH8Fb1vq2n,Never Let Go,1,1,1.2837077723447896,6.71
0vGDTFIyDm6wG7ZVbmTsYE,The Lion's Mouth,1,1,1.2809338454620642,6.7
3v7nTNC0vA2qEKCb5d5uwE,Frutto Acerbo,1,1,1.2781522025001875,6.7
50xWWpeoaSFYmR6IY2kTlI,Ooh to Be Ah,1,1,1.2781522025001875,6.7
0dJfQlgDqQAmjdRJXtA3x3,The Lion's Mouth,1,1,1.2809338454620642,6.7
1SdSRth14OYdo5tvrnZ8tS,Domo Dozo,1,1,1.2809338454620642,6.7
5LvdVhyztDEKjrHAQJTQBZ,Highly Strung,1,1,1.2809338454620642,6.7
5D89JSsYD209JA2FTTwHtS,Campi di Fragole,1,1,1.2725655957915476,6.68
49O0U2nehcnxPfXQyKVZpL,Personalità Empirica,1,1,1.2725655957915476,6.68
6ZBea1ayHLEaBQGBxkugmK,These Foolish Things (Remind Me Of You),1,1,1.2725655957915476,6.68
3BlIsu1uy5jjuVc8aw3RYt,23 coppie di cromosomi,1,1,1.2725655957915476,6.68
3c5nez1p8IJC23Sxbl70uw,Il Vuoto,1,1,1.2725655957915476,6.68
31YMV7aMItO8jzyc10iRrS,Live With Me,1,1,1.2669476034873244,6.67
5ji0dquGeRpXaJfrTpqx60,Westin Too Sy (feat. Smith),1,1,1.269760544863939,6.67
1VjaCtRDg4VxzT4ew9smUk,La Musica Muore,1,1,1.2669476034873244,6.67
3pt0Gu0WephGk9I5xUk6Oi,Zone Depresse,1,1,1.2669476034873244,6.67
1ITQbrueGLl581a25XXm9c,Rocky Raccoon,1,1,1.2669476034873244,6.67
15I3it1novXu99CECyVvxu,Rain,1,1,1.2669476034873244,6.67
5SHoH3Ui5TFxaaKoEJvt8x,White Feathers,1,1,1.2584609896100056,6.65
5NmRx5jYkCQ1Kelp2U671G,White Feathers,1,1,1.2584609896100056,6.65
4FfFWHz0Hhuu2DwDfzjIWz,Let's Say Goodnight,1,1,1.2556160374777743,6.64
213rElejdaro9DkZ8Myy10,Everything Happens To Me (Take 3),1,1,1.252762968495368,6.63
3M0QK0bYdiGMu6JNoPk8YG,Bird on the Wire,1,1,1.247032293786383,6.62
4JlPrHmUIhwGGR4nG3GecO,Lontananze D'Azzurro,1,1,1.247032293786383,6.62
0Xid7gsog3SGMByHsqaV5z,Do I,1,1,1.247032293786383,6.62
6N1flprTfmHqtSmeGjZPtp,Do I,1,1,1.247032293786383,6.62
3i7ZIyOG3VsWmsVKDfVVB8,Hot Potatoes,1,1,1.247032293786383,6.62
1atYcawDA0UMzMbMG69gEC,Ed ora io domando tempo al tempo ed egli mi risponde...non ne ho!,1,1,1.2499017362143359,6.62
3mHj3cBY3bKYuMb3z0lRVS,Personal Jesus,1,1,1.2383742310432684,6.6
23Bun0MB6eIYezsT03GUiF,Il Re Del Mondo,1,1,1.2412685890696329,6.6
0f7VY69zhtS20Xm5PVYCm5,Doo Doo Doo Doo Doo (Heartbreaker),1,1,1.235471471385307,6.59
3aWWfmVhaMGFwtKFFBHgC5,Please Be With Me,1,1,1.235471471385307,6.59
1B8FvAkIElgCkCYgONefqG,Lettera Al Governatore Della Libia,1,1,1.235471471385307,6.59
3DQYUtFdiSYYl5LiKIP5uO,Turtles Have Short Legs,1,1,1.2296405510745139,6.57
3ZIYHubj1fBDC4DTF3AIfK,Ni Chicha Ni Limoná,1,1,1.2267122912954254,6.57
46ALT0bfkpRWsWKywoF2XC,Sister Golden Hair,1,1,1.2267122912954254,6.57
2Y4zwRLRmBSrQd8vrfBIyK,Reptile,1,1,1.2296405510745139,6.57
6ewHINwiZeCnWxh1RQcquJ,Cogli la prima mela,1,1,1.2296405510745139,6.57
6BCVKcZhk5M1mHBvfOrDUK,Hang on Now,1,1,1.220829921392359,6.55
7eMkpeyqJlUZ1c4SMiJpOR,Two Hands,1,1,1.2178757094949273,6.54
0QdagWnOd3GzMCBu57efgp,"Oh Well, Pt. 1",1,1,1.2149127443642704,6.54
3Dt212rT553UIiYV0lS3q7,Paperlate,1,1,1.2149127443642704,6.54
63T7DJ1AFDD6Bn8VzG6JE8,"Paint It, Black",1,1,1.2149127443642704,6.54
3aGdi0IBDj89GOzOAxuIjJ,Scherzo in minore,1,1,1.2119409739751128,6.53
1oHiRoTuWXDVwBqq711aGd,Fortezza Bastiani,1,1,1.208960345836975,6.52
4SoykGLnLQPgQUkrKQxNYq,Change Is Now,1,1,1.208960345836975,6.52
0Uq34W6jPff49IpIp5Ilfw,E Mi Viene Da Pensare,1,1,1.205970806988609,6.51
2EB1aFLWC4uIfld5Z3Yj1z,Sugar Magnolia,1,1,1.199964782928397,6.5
7g0XgioAO3q8iBUQNoEAye,San Franciscan Nights,1,1,1.199964782928397,6.5
3liTTGKNLwzzYwUcVRLXxP,Silver Eagle,1,1,1.199964782928397,6.5
274oYlebho3pTwwVuF4xTB,Airlane,1,1,1.1969481893889715,6.49
1D1HOr5KimN1bsk5owwnGQ,The Summer Of Hate,1,1,1.1939224684724346,6.48
3nqLvcYMBgrbwZ4brdmjTj,New Frontiers,1,1,1.1817271953786161,6.45
7nmtVN5HhcdBPfi3oA3437,Light Flight,1,1,1.1755733298042381,6.44
4RMMYBTQ35CCRNx4nlAANq,Crazy,1,1,1.1755733298042381,6.44
5ZhM8IMfj4s0gqsFJvWxfa,Theme One,1,1,1.1755733298042381,6.44
3G0EALIIp5DAeIERxXBHmo,Waterloo Sunset,1,1,1.1755733298042381,6.44
1lba6eh2ChjBQr4W8NAZA8,No Time No Space,1,1,1.172482137234565,6.43
7q921uAoBddu5AcYZeK9d3,Vision,1,1,1.172482137234565,6.43
1tGCvPZghskjQHTFgCYb5c,Kajagoogoo,1,1,1.1662709371419244,6.42
4Ds8lQQS9naNLHWE7oXv8z,Complex,1,1,1.1662709371419244,6.42
24P5aCzlNvr04xkrEdkRUP,Kajagoogoo,1,1,1.1662709371419244,6.42
5aXV9K8dK52S0KbUw3ZCX0,Kajagoogoo,1,1,1.1662709371419244,6.42
6HbWoyinLdXPZmk6xONuKw,Vegetable,1,1,1.1662709371419244,6.42
0BfPhHh0Gf1WR1hQgIYqen,Not If You Were The Last Junkie On Earth,1,1,1.1631508098056809,6.41
2QIgCTwjIEpa23ZTga56gq,Dog's Life,1,1,1.1600209167967532,6.4
43OyzaGBhNEcvxhQfuI4E6,Hard Monkeys,1,1,1.1600209167967532,6.4
5jn94WgPda4JXxarOll0to,Red Frame / White Light,1,1,1.1568811967920856,6.39
1UN3sFWqyo48meGCL9pmvb,Lode All'Inviolato,1,1,1.1568811967920856,6.39
3iZ5twPwvFeOUQA4Deu8tP,Albatross,1,1,1.1537315878891892,6.38
6Dyg43VP3iKxWQhF2b160J,Child Of The Moon,1,1,1.1505720275988207,6.38
26QFxjUtotzjuQLZQrzDXS,Now You'll Love Me,1,1,1.1474024528375417,6.37
3FNgaN6nlCk8o3viucsVIL,Janis,1,1,1.1474024528375417,6.37
3I3g0KOBdQpCE7aviLoFfH,New Country,1,1,1.144222799920162,6.36
7sMYoSEOYql0EwuWvchgD9,The Under Assistant West Coast Promotion Man,1,1,1.1410330045520618,6.35
6EePCjbtiMeb783pduiEJK,High And Dry,1,1,1.1410330045520618,6.35
50eMzYSsS35VhHAerXt2Wu,Il Banchetto,1,1,1.1378330018213911,6.34
4fAYkoqIfiYiTuDFtsirib,Seduto sotto un platano,1,1,1.1378330018213911,6.34
67sjNlg6wPl1LlI086NpgA,Man With An Open Heart,1,1,1.128171090909654,6.32
3Z7RFRu0DtvtdTjW8jTb0H,Rose Fragrance,1,1,1.1249295969854831,6.31
1xM2gUA52FCOdrk6T9eG3W,Off Minor,1,1,1.1151415906193203,6.29
5mxJNpzEr76NQKDmKt6pKr,Suburban Eyes,1,1,1.1118575154181303,6.28
3Sdv2WK1FnTn02cDgWmQoq,Mondi paralleli,1,1,1.1118575154181303,6.28
7s1fLxwhmKa6VDNqzJzOsE,Ornithology,1,1,1.1085626195212777,6.27
1sjmKmR4u9xDeJHjDCn2bZ,Penny Lane,1,1,1.1085626195212777,6.27
5TQ2pztJIwLEPrzuSIsBmF,Animal Farm,1,1,1.1085626195212777,6.27
25xC2O5yD6YKWl1GuSTIDn,Theme 1,1,1,1.1052568313867783,6.26
6PuIn0KCYvtSpU3kgGsDuA,Sweet And Lovely (Take 2),1,1,1.1019400787607843,6.25
4jCLKXqsYmBjl54DBgnAMe,Objects Outlive Us: Cosmic Sons of Toil,1,1,1.0986122886681098,6.25
2oeLt7N1amHZiev27FvKE2,Sketch for Summer,1,1,1.0885619528146082,6.22
6io3AG4PaHu5Ksx41r4zHw,Love → Building on Fire,1,1,1.0885619528146082,6.22
3vO2BbrhKNV2PDl276BUIZ,Cotton Fields,1,1,1.0818051703517284,6.2
3hXFX6le4RkzF8trx7xUM1,Theme One,1,1,1.0784095813505903,6.2
5hyRrd5BoYapoY2mTRsnHV,Book Of Saturday,1,1,1.075002423028976,6.19
6BT7qiDY4A5tOyklohjQuW,Monkey Gone to Heaven,1,1,1.0715836162801904,6.18
7LAnfFTSV9HB3m1MQTJ2jE,Il Vecchio E La Farfalla,1,1,1.0715836162801904,6.18
5iyCSUM7zzficwaGo8GIoc,Savoy Truffle,1,1,1.0681530811834012,6.17
68U10kmkck2Lxrzg33AJaG,Observer,1,1,1.0612565021243408,6.15
3A1yk2TmIheVcfb4Gwp0MS,Canción Al Árbol Del Olvido,1,1,1.0543120297715298,6.14
0IzGg9PWyZTutoR48p4uYP,Tracks,1,1,1.0508216248317612,6.13
6jSuHSZNMhqR9BYCFgug6N,The Garden,1,1,1.0508216248317612,6.13
2A3sgyp07d7ksgjyBHYSUt,You Got The Silver,1,1,1.0473189942805592,6.12
4GOpMcPnnF9mtHNYgUPep6,Citadel,1,1,1.0473189942805592,6.12
2pbHaKsIRuIqjZHCLpyQMv,You Got The Silver,1,1,1.0438040521731147,6.11
43SIxgp1RbIgaQP4hYzYmt,Clockout,1,1,1.0260415958332743,6.07
2RKXaYI00vF1YpzRBWPpEd,Dragonfly,1,1,1.0152306797290584,6.04
0oiV2wyVxakBblsrY6j2NJ,The Bird,1,1,1.0152306797290584,6.04
3dVXsNGDNryjs1Ght31arf,Wiggly World,1,1,1.0116009116784799,6.03
5rzaw7GYVR2eg9URL8WUr8,Animal Instincts,1,1,0.9932517730102834,5.98
47gzOI0OfVR3vgv5zGkNfd,Here We Go Round The Mulberry Bush,1,1,0.9932517730102834,5.98
3EuFH5GXKR8hZU6B2b8R4y,La Feria De La Flores,1,1,0.9858167945227654,5.96
4s8o9hycJNwFQADitakIQn,Coda Marine 475,1,1,0.9858167945227654,5.96
6QG0wcgoCsa9pqFyTg0rRO,Whip It,1,1,0.9707789171582248,5.93
57jZdOq1zVM3GiFLumETkE,Paper,1,1,0.9707789171582248,5.93
5rOfVqZo7WbDPn5zHYvqxL,Empty Heart,1,1,0.9631743177730056,5.91
1LZQZxE7MTmNLvpPkAAXJT,Birds,1,1,0.9400072584914712,5.85
5TCMwUI5HkTSDB8DxtYosb,Montreux's Theme,1,1,0.9400072584914712,5.85
554I7Vh0EH0nxlt4zzRNgN,Amazing Grace,1,1,0.9282193027394288,5.82
2Bsp8gAjwlGmYhRueRGLHu,Elanoizan,1,1,0.9242589015233319,5.81
123E4xc2jm6mMgdbNJXLML,The Farmer's Daughter,1,1,0.9042181506398859,5.76
4QeEhsFQOJZye2FlRQcf7j,"Amore Che Vieni, Amore Che Val",1,1,0.9001613499442714,5.75
2BONRCP2cvSNc4UC6RWVzc,Exit,1,1,0.8919980393051105,5.73
2jgyYvT3N5rmTmdsEqIhU9,Prologo,1,1,0.8919980393051105,5.73
7A4rW6quroPut2I6OsCys9,Canary In A Coalmine,1,1,0.8919980393051105,5.73
7tIkF18JHnWzSIMbeNqKOi,Notturno Breve,1,1,0.883767540168595,5.71
5JRakW7po5HCRs2e0boVoU,Allegro,1,1,0.8754687373538999,5.69
092Do4luuSxuhhdCAlH0vo,Total Mass Retain,1,1,0.8754687373538999,5.69
0tFiuH4S1B8jSr9jVYZPez,The Singer Not The Song,1,1,0.8628899551470398,5.66
1FRP8d6l2jm3DS5f78ZrhK,Route 66,1,1,0.85015092936961,5.63
0vyu1VnXMN3hmOjhPJjjGS,El Cuchipe,1,1,0.8458682675776092,5.61
7EjyzZcbLxW7PaaLua9Ksb,Surfin' Bird,1,1,0.8285518175661483,5.57
0VSOZ9b0bErTq4yOHjfoqV,The Duke Of Prunes,1,1,0.7975071958841882,5.49
22W574PUUECix1yNCWalgx,The Golden Road,1,1,0.7929925155296614,5.48
7rZZKHafAl17Nkx2WLv4Mw,Updraft,1,1,0.7793248768009977,5.45
62XI1qJo62w0rvTldCHl9P,Vegetables,1,1,0.7701082216960737,5.43
57kJRtK3Lle1JoWDCtmkK0,Connection,1,1,0.7561219797213337,5.39
1H7gMYGykdtwZOV6s1N0by,Norwegian Wood (This Bird Has Flown),1,1,0.7323678937132266,5.33
4ZmjfLdJXbqjAENqk7eWSE,Piggies,1,1,0.7275486072772777,5.32
6KrB5mFP48CLaiWHFwDYz0,Todo es de color,1,1,0.7275486072772777,5.32
58txJpX0AwZS5X75xtaj8X,Traccia,1,1,0.7275486072772777,5.32
2Xuq84ZrSawlYF4Vz9pw5e,Rosemary,1,1,0.6931471805599453,5.23
4q6ECLJSHSh9VhoRMXayl9,Peace,1,1,0.6626879730752367,5.16
5f565QK5b34kOGyQYvHXd6,KD,1,1,0.6523251860396901,5.13
6o4b8t4MjOL0I1dUxx1bOr,The Dandy Warhols Love Almost Everyone,1,1,0.6418538861723947,5.1
2kMM5neKewhNCHlTXCk4Fp,Birds In My Tree,1,1,0.6418538861723947,5.1
4KP5a2ykBXcP0q9QDOthqJ,An Oscar For Treadwell,1,1,0.636576829071551,5.09
6jR4FKWiil1FrsfEMt7jqu,Pea,1,1,0.5822156198526637,4.96
4HHD9MMULcBf8pYSdiZa16,Inner Garden I,1,1,0.5822156198526637,4.96
2N58c77aEhAPk1FigknwIc,November,1,1,0.5423242908253617,4.86
6Mxqm5prOZ4bLGHC4PzOiz,Ponker's Theme,1,1,0.3852624007906449,4.46
1fuRnovowt52s2sVXmu9Wv,Ponker's Theme,1,1,0.371563556432483,4.43
4OGIVHLTszbp7U2Ag0LO1H,Man in a White Car,1,1,0.30010459245033816,4.25
4zGNUdGxpwnC7HN27Muzpl,Inner Garden II,1,1,0.23901690047049992,4.1
6D6vtbaDPY5xo3yfHmIOWa,Devo Corporate Anthem,1,1,0.23901690047049992,4.1
1sdE5MvlTinP43rimOGc3Y,Peace,1,1,0.22314355131420976,4.06
0lu4VEQRbtm9Vmv06UcAfO,Introduction,1,1,0.20701416938432612,4.02
3dUQzGiqvJrWVxNFE3sBmY,Timing X,1,1,0.17395330712343798,3.93
3p5NtypHWlGJutvA7iOfrd,Vier ½,1,1,0.01980262729617973,3.55
7xTj9dkCaNL7gIIHVTi8i3,The Battle Of The Locusts,1,1,-0.07257069283483537,3.32
5e8XqeZXgEYldEAXBQfevQ,Peace,1,1,-0.18632957819149348,3.03
2BqHy0cZJnERHLaDpX2jdy,Intro,1,1,-0.579818495252942,2.05
